{"content":[{"id":"148017c2","settings":{"layout":"full_width","gap":"no","_title":"Slider Modal","z_index":999},"elements":[{"id":"590a6254","settings":{"_column_size":100,"_inline_size":null},"elements":[{"id":"7db6df91","settings":{"shortcode":"[hfe_template id='1314']"},"elements":[],"isInner":false,"widgetType":"shortcode","elType":"widget"}],"isInner":false,"elType":"column"}],"isInner":false,"elType":"section"},{"id":"5d5461b2","settings":{"layout":"full_width","gap":"no","_title":"Video","z_index":999},"elements":[{"id":"5165132a","settings":{"_column_size":100,"_inline_size":null},"elements":[{"id":"1fb1d138","settings":{"shortcode":"[hfe_template id='1319']"},"elements":[],"isInner":false,"widgetType":"shortcode","elType":"widget"}],"isInner":false,"elType":"column"}],"isInner":false,"elType":"section"},{"id":"64764d59","settings":{"layout":"full_width","gap":"no","_title":"Form Modal"},"elements":[{"id":"1540908e","settings":{"_column_size":100,"_inline_size":null},"elements":[{"id":"422279c7","settings":{"shortcode":"[hfe_template id='1304']"},"elements":[],"isInner":false,"widgetType":"shortcode","elType":"widget"}],"isInner":false,"elType":"column"}],"isInner":false,"elType":"section"},{"id":"3ca616cd","settings":{"layout":"full_width","gap":"no","_title":"Nav"},"elements":[{"id":"2bc84f08","settings":{"_column_size":100,"_inline_size":null},"elements":[{"id":"2e58159a","settings":{"html":"<!-- This si the Nav Section -->\n    <div class=\"nav\">\n        <div class=\"nav-wrapper\">\n            <div class=\"logo\">\n                <img src=\"https:\/\/quietcool.earthchoiceenergy.com\/wp-content\/uploads\/2021\/06\/EarthChoice-Solar-Logo-white.webp\" srcset=\"\">\n            <\/div>\n            <div class=\"nav-list\">\n                <div class=\"nav-list-icon\">\n                    <img src=\"https:\/\/wholehousefansutah.com\/wp-content\/uploads\/2021\/06\/arrow-icon.webp\" alt=\"\">\n                <\/div>\n                <div class=\"nav-phone-and-text\">\n                    <a class=\"nav-phone-number\" href=\"tel:949-799-2060\"><i class=\"fas fa-phone-alt\"><\/i> 949-799-2060<\/a>\n                    <h2>Call Us Today!<\/h2>\n                <\/div>\n            <\/div>\n        <\/div>\n    <\/div>","_z_index":1},"elements":[],"isInner":false,"widgetType":"html","elType":"widget"}],"isInner":false,"elType":"column"}],"isInner":false,"elType":"section"},{"id":"611f0a89","settings":{"layout":"full_width","gap":"no","_title":"Hero"},"elements":[{"id":"640bc838","settings":{"_column_size":100,"_inline_size":null},"elements":[{"id":"6faa2e7c","settings":{"html":" <!-- This is the Hero Section -->\n    <div class=\"hero-section\">\n        <div class=\"wrapper\">\n            <div class=\"hero-section-wrapper-text-content\">\n                <h1>STOP OVERSPENDING ON AIR <br>CONDITIONING COOLING COSTS<\/h1>\n                <p>If you\u2019re spending too much on home cooling, you\u2019re not alone. we\u2019ve got <br>the energy saving solution for you. Get your free consultation today!<\/p>\n                <a id=\"hero-cta-btn\" href=\"javascript:void(0)\">Free Consultation<\/a>\n            <\/div>\n        <\/div>\n    <\/div>"},"elements":[],"isInner":false,"widgetType":"html","elType":"widget"}],"isInner":false,"elType":"column"}],"isInner":false,"elType":"section"},{"id":"1c205739","settings":{"layout":"full_width","gap":"no","_title":"Benefits & Video","background_background":"classic","background_color":"#FFFFFF"},"elements":[{"id":"648484a2","settings":{"_column_size":100,"_inline_size":null},"elements":[{"id":"2bd3ca64","settings":{"html":"<!-- This is the Benefit Section -->\n    <div class=\"benefits-section\">\n        <div class=\"wrapper\">\n\n            <div class=\"benefit-box\">\n                <p>Like you, we want to feel better and live comfortably without having to spend a lot of money on home cooling. We are also fellow homeowners and know what it\u2019s like to constantly have our air conditioning systems running all day. It\u2019s a\n                    total nightmare getting that expensive electricity bill towards the end of the month. But we have to keep our home cool, so it\u2019s worth it right?<\/p>\n                <p>We have a product that will not only change the way you breathe indoors, but also make you appreciate the savings you will receive on your home cooling costs. Whole house fans offer plenty of benefits that can improve your indoor lifestyle.<\/p>\n            <\/div>\n\n            <div class=\"benefit-box\">\n                <div class=\"video-box\">\n                    <div id=\"video-icon\">\n                        <p><i class=\"fas fa-play-circle\"><\/i><\/p>\n                    <\/div>\n                <\/div>\n            <\/div>\n\n            <div class=\"benefits-list\">\n                <div class=\"title-section\">\n                    <h2>We are your home ventilation professionals<\/h2>\n                <\/div>\n\n                <div class=\"benefits-items\">\n                    <p><img src=\"https:\/\/wholehousefansutah.com\/wp-content\/uploads\/2021\/06\/save-money-icon.webp\" alt=\"This is the Save Money icon\" srcset=\"\"><\/p>\n                    <h3>SAVE MONEY<\/h3>\n                    <p class=\"benefit-description\">Save more money by getting a whole house fan system installed properly in your home.<\/p>\n                <\/div>\n                <div class=\"benefits-items\">\n                    <p><img src=\"https:\/\/wholehousefansutah.com\/wp-content\/uploads\/2021\/06\/Fast-installation-icon.webp\" alt=\"This is the Fast installation icon\" srcset=\"\"><\/p>\n                    <h3>FAST INSTALLATION<\/h3>\n                    <p class=\"benefit-description\">You don\u2019t have to wait weeks on installing your very own QuietCool whole house fan.<\/p>\n                <\/div>\n                <div class=\"benefits-items\">\n                    <p><img src=\"https:\/\/wholehousefansutah.com\/wp-content\/uploads\/2021\/06\/better-comfort-icon.webp\" alt=\"This is the Better Comfort icon\" srcset=\"\"><\/p>\n                    <h3>BETTER COMFORT<\/h3>\n                    <p class=\"benefit-description\">Instantly Feel comfortable and breathe healthier when you install a QuietCool System.<\/p>\n                <\/div>\n            <\/div>\n        <\/div>\n    <\/div>"},"elements":[],"isInner":false,"widgetType":"html","elType":"widget"}],"isInner":false,"elType":"column"}],"isInner":false,"elType":"section"},{"id":"77f3fef0","settings":{"layout":"full_width","gap":"no","_title":"Request"},"elements":[{"id":"570a0ffe","settings":{"_column_size":100,"_inline_size":null},"elements":[{"id":"64eff444","settings":{"html":"<!-- This is the Request Consultation Section -->\n    <div class=\"request-consultation-box\">\n        <div class=\"wrapper\">\n            <div class=\"title-section\">\n                <h2>Trusted by Homeowners<\/h2>\n                <h2>Loved by Neighbors<\/h2>\n            <\/div>\n            <div class=\"request-consultation-text-content\">\n                <p>Get a QuietCool whole house fan system installed in your home, request for a free consultation right now!<\/p>\n                <a id=\"request-btn\" href=\"javascript:void(0)\">FREE CONSULTATION<\/a>\n            <\/div>\n        <\/div>\n    <\/div>"},"elements":[],"isInner":false,"widgetType":"html","elType":"widget"}],"isInner":false,"elType":"column"}],"isInner":false,"elType":"section"},{"id":"4e1b3319","settings":{"layout":"full_width","gap":"no","_title":"Testimonials","background_background":"classic","background_color":"#FFFFFF"},"elements":[{"id":"70ef21ae","settings":{"_column_size":100,"_inline_size":null},"elements":[{"id":"432c5176","settings":{"html":"<!-- This is the Testimonials -->\n    <div class=\"testimonials-box\">\n        <div class=\"title-section\">\n            <h2>QuietCool can improve<\/h2>\n            <h2>the way you live indoors<\/h2>\n        <\/div>\n        <div class=\"wrapper\">\n            <div class=\"testimonials-items\">\n                <div class=\"testimonial-img-box\">\n                    <div class=\"testimonial-img\">\n                        <img src=\"\/wp-content\/uploads\/2021\/06\/paul-testimonial.webp\" alt=\"This is the testimonials image\">\n                    <\/div>\n                    <div class=\"testimonial-name\">\n                        <p>Paul G.<\/p>\n                    <\/div>\n                <\/div>\n                <div class=\"testimonial\">\n                    <p>Ever since I was a little kid, I remember my parents having a whole house fan. Every night I would always hear the whole house fan running and the noise would put me to sleep. Now that I have a home, I can never live without a whole\n                        house fan. It\u2019s a must have if you like sleeping with ambient fan noise.<\/p>\n                <\/div>\n            <\/div>\n\n            <div class=\"testimonials-items\">\n                <div class=\"testimonial-img-box\">\n                    <div class=\"testimonial-img\">\n                        <img src=\"\/wp-content\/uploads\/2021\/06\/cheyenne-testimonial.webp\" alt=\"This is the testimonials image\">\n                    <\/div>\n                    <div class=\"testimonial-name\">\n                        <p>Cheyenne B.<\/p>\n                    <\/div>\n                <\/div>\n                <div class=\"testimonial\">\n                    <p>Being a new homeowner, I want to save as much money as I can. I spend too much on other appliances and forget that my air conditioning unit costs way too much during the summertime. I got a QuietCool installed in my home a few months\n                        ago and I\u2019m already starting to notice immediate savings on my energy bills.<\/p>\n                <\/div>\n            <\/div>\n        <\/div>\n    <\/div>"},"elements":[],"isInner":false,"widgetType":"html","elType":"widget"}],"isInner":false,"elType":"column"}],"isInner":false,"elType":"section"},{"id":"f73c2ff","settings":{"layout":"full_width","gap":"no","_title":"Badges"},"elements":[{"id":"2fc5b951","settings":{"_column_size":100,"_inline_size":null},"elements":[{"id":"3aba8fd0","settings":{"html":"    <!-- This is the Badgets Section -->\n    <div class=\"badge-box\">\n        <div class=\"wrapper\">\n            \n            <div class=\"badge-item\">\n                <img src=\"\/wp-content\/uploads\/2021\/06\/google-badge.webp\" alt=\"This is the Google Badge Logo\" srcset=\"\">\n            <\/div>\n            <div class=\"badge-item\">\n                <img src=\"\/wp-content\/uploads\/2021\/06\/platinum_dealer_badge-1.webp\" alt=\"This is the QC Badge Logo\" srcset=\"\">\n            <\/div>\n            <div class=\"badge-item\">\n                <img src=\"\/wp-content\/uploads\/2021\/02\/yelp-logo-22.png\" alt=\"This is the Yelp Badge Logo\" srcset=\"\">\n            <\/div>\n        <\/div>\n    <\/div>"},"elements":[],"isInner":false,"widgetType":"html","elType":"widget"}],"isInner":false,"elType":"column"}],"isInner":false,"elType":"section"},{"id":"1e8711df","settings":{"layout":"full_width","gap":"no","_title":"Statistics"},"elements":[{"id":"27d74df8","settings":{"_column_size":100,"_inline_size":null},"elements":[{"id":"7d53d507","settings":{"html":"<!-- This is the statistics Section -->\n    <div class=\"stats-box\">\n        <div class=\"wrapper\">\n            <div class=\"title-section\">\n                <h2>Installing QuietCool will save you 50-90%<\/h2>\n                <h2>off A\/C related costs<\/h2>\n            <\/div>\n\n            <div class=\"stats-item\">\n                <img src=\"\/wp-content\/uploads\/2021\/06\/satisfaction-icon.webp\" alt=\"satisfaction Image Icon\" srcset=\"\">\n                <h3>100% Satisfaction<\/h3>\n                <p>We stand behind the products we offer and the services we provide. Our friendly staff is happy to answer any of your questions, provide helpful product consultation and knowledgeable advice.<\/p>\n            <\/div>\n            <div class=\"stats-item\">\n                <img src=\"\/wp-content\/uploads\/2021\/06\/fans-installed-icon.webp\" alt=\"Fans Installed Image Icon\" srcset=\"\">\n                <h3>100+ Fans Installed<\/h3>\n                <p>We are certified to install QuietCool fan systems professionally. We have years of whole house fan installation under our belt and would be happy to install a QuietCool in your home. Let us help you live more comfortably.<\/p>\n            <\/div>\n            <div class=\"stats-item\">\n                <img src=\"\/wp-content\/uploads\/2021\/06\/happy-customers-icon.webp\" alt=\"Happy Customers Image Icon\" srcset=\"\">\n                <h3>Happy Customers<\/h3>\n                <p>We have plenty of reviews and are proud of the reviews our customers leave us. It's what gives us the drive to ensure that our customers are completely satisfied and taken care of. Our customers become customers for life.<\/p>\n            <\/div>\n        <\/div>\n    <\/div>"},"elements":[],"isInner":false,"widgetType":"html","elType":"widget"}],"isInner":false,"elType":"column"}],"isInner":false,"elType":"section"},{"id":"1587c5e0","settings":{"layout":"full_width","gap":"no"},"elements":[{"id":"4825b037","settings":{"_column_size":100,"_inline_size":null},"elements":[{"id":"d594ba5","settings":{"image":{"id":"1288","url":"https:\/\/quietcool.earthchoiceenergy.com\/wp-content\/uploads\/2021\/06\/wholehousefaninstaller-1.jpg"},"image_size":"full","hide_desktop":"hidden-desktop"},"elements":[],"isInner":false,"widgetType":"image","elType":"widget"}],"isInner":false,"elType":"column"}],"isInner":false,"elType":"section"},{"id":"1b2bc78a","settings":{"layout":"full_width","gap":"no","_title":"Benefits","background_background":"classic","background_color":"#FFFFFF"},"elements":[{"id":"7f2fee83","settings":{"_column_size":100,"_inline_size":null},"elements":[{"id":"2f7fcd85","settings":{"html":"<!-- This is the Benefits Section -->\n    <div class=\"benefits-section-box\">\n        <div class=\"wrapper\">\n            <div class=\"title-section\">\n                <h2>The Benefits of Whole House Fans<\/h2>\n                <p>There are plenty of benefits of having a whole house fan installed in your home, but the benefits below are the most common. Did you know that a whole house fan can alleviate allergies or help with asthma? Letting fresh air into your home\n                    will not only reduce indoor air pollutants, but greatly improve your indoor air quality. This will minimize complicated health problems, improve breathing indoors, and also keep your home feeling fresh and comfortable. Breathe healthier\n                    and live comfortably!\n                <\/p>\n            <\/div>\n\n            <div class=\"benefits-items-box\">\n                <img src=\"\/wp-content\/uploads\/2021\/06\/cooling-icon.webp\" alt=\"This is the Cooling Icon\" srcset=\"\">\n                <h3>Cooling<\/h3>\n                <p>Improve your home cooling options. You no longer have to rely on your air conditioning system to keep your home cooler. Instantly feel 5\u00b0 cooler with a powerful breeeze. Cool your entire home with fresh natural air.<\/p>\n            <\/div>\n\n            <div class=\"benefits-items-box\">\n                <img src=\"\/wp-content\/uploads\/2021\/06\/energy-savings-icon.webp\" alt=\"This is the Energy Savings Icon\" srcset=\"\">\n                <h3>Energy Savings<\/h3>\n                <p>Use a fraction of energy on home cooling compared to using your air conditioning system. Save a lot more money by reducing your A\/C usage by up to 50-90%. The average ROI for whole house fans are 1-3 Years.<\/p>\n            <\/div>\n\n            <div class=\"benefits-items-box\">\n                <img src=\"\/wp-content\/uploads\/2021\/06\/ventilation-icon.webp\" alt=\"This is the Ventilation Icon\" srcset=\"\">\n                <h3>Ventilation<\/h3>\n                <p>Get a full home exchange of fresh air within 3-4 minutes. Whole house fans replaces the trapped stale air in your home with fresh outdoor air. Remove cooking odors, pet dander, smoke, and steam within minutes.<\/p>\n            <\/div>\n        <\/div>\n    <\/div>"},"elements":[],"isInner":false,"widgetType":"html","elType":"widget"}],"isInner":false,"elType":"column"}],"isInner":false,"elType":"section"},{"id":"442f62d6","settings":{"layout":"full_width","gap":"no","_title":"How it works"},"elements":[{"id":"2bb1b427","settings":{"_column_size":100,"_inline_size":null},"elements":[{"id":"5d39358c","settings":{"html":"<!-- This is the How it Works -->\n    <div class=\"how-it-works-box\">\n        <div class=\"wrapper\">\n            <div class=\"how-it-works-item\">\n                <img src=\"https:\/\/mailer.wholehousefanexperts.com\/wp-content\/uploads\/2021\/06\/how-it-works.webp\" alt=\"\" srcset=\"\">\n            <\/div>\n\n            <div class=\"how-it-works-item\">\n                <div class=\"title-section\">\n                    <h2>How QuietCool Works<\/h2>\n                <\/div>\n                <ul class=\"how-it-works-list\">\n                    <li>\n                        <div class=\"how-it-works-nums\">\n                            <img src=\"\/wp-content\/uploads\/2021\/06\/StepNumbers-01.webp\" alt=\"This is the number Icon\" srcset=\"\">\n                        <\/div>\n                        <div class=\"how-it-works-nums\">\n                            <h2>Open a few windows<\/h2>\n                            <p>Open a few windows any time it's cooler outside than inside, typically in the morning and evening.\n                            <\/p>\n                        <\/div>\n                    <\/li>\n                    <li>\n                        <div class=\"how-it-works-nums\">\n                            <img src=\"\/wp-content\/uploads\/2021\/06\/StepNumbers-02.webp\" alt=\"This is the number Icon\" srcset=\"\">\n                        <\/div>\n                        <div class=\"how-it-works-nums\">\n                            <h2>Turn your QuietCool on<\/h2>\n                            <p>Turn your QuietCool fan on by setting the speed and timer.\n\n                            <\/p>\n                        <\/div>\n                    <\/li>\n                    <li>\n                        <div class=\"how-it-works-nums\">\n                            <img src=\"\/wp-content\/uploads\/2021\/06\/StepNumbers-03.webp\" alt=\"This is the number Icon\" srcset=\"\">\n                        <\/div>\n                        <div class=\"how-it-works-nums\">\n                            <h2>Let the fresh air flow in your home<\/h2>\n                            <p>QuietCool pulls in cool, fresh air from outside and expels hot, stale air out attic vents.\n                            <\/p>\n                        <\/div>\n                    <\/li>\n                    <li>\n                        <div class=\"how-it-works-nums\">\n                            <img src=\"\/wp-content\/uploads\/2021\/06\/StepNumbers-04.webp\" alt=\"This is the number Icon\" srcset=\"\">\n                        <\/div>\n                        <div class=\"how-it-works-nums\">\n                            <h2>Enjoy amazing comfort & great energy savings<\/h2>\n                            <p>Your home has now been made cooler, healthier, and more comfortable.\n\n                            <\/p>\n                        <\/div>\n                    <\/li>\n                <\/ul>\n            <\/div>\n        <\/div>\n    <\/div>"},"elements":[],"isInner":false,"widgetType":"html","elType":"widget"}],"isInner":false,"elType":"column"}],"isInner":false,"elType":"section"},{"id":"342cd8a2","settings":{"layout":"full_width","gap":"no","_title":"Products","background_background":"classic","background_color":"#FFFFFF"},"elements":[{"id":"6338373f","settings":{"_column_size":100,"_inline_size":null},"elements":[{"id":"51d8857e","settings":{"html":"<!-- This is the Products Section -->\n    <div class=\"products-box\">\n        <!-- This is the Trident Product -->\n        <div class=\"trident-title-section\">\n            <div class=\"title-section\">\n                <h2>Energy Efficient Whole House Fans<\/h2>\n            <\/div>\n        <\/div>\n        <div class=\"trident-item\">\n            <div class=\"wrapper\">\n                <div class=\"trident-side\">\n                    <img src=\"\/wp-content\/uploads\/2021\/06\/QuietCool-Logo-No-Tagline.webp\" alt=\"QuietCool Logo\">\n                    <img src=\"\/wp-content\/uploads\/2021\/06\/TRI-4.8-full-reflection.webp\" alt=\"Trident Fan\">\n                    <div class=\"trident-tabs\">\n                        <div class=\"tab-container\">\n                            <div class=\"tab-nav\">\n                                <ul>\n                                    <li class=\"whf-1\">Stealth Pro 4.8X<\/li>\n                                    <li class=\"whf-2\">Stealth Pro 6.0X<\/li>\n                                    <li class=\"whf-3\">Stealth Pro 7.0X<\/li>\n                                <\/ul>\n                            <\/div>\n\n                            <div class=\"content-whf-1\">\n                                <div class=\"whf-table-box\">\n                                    <div style=\"overflow-x: auto; text-align: center;\">\n                                        <table>\n                                            <tbody>\n                                                <tr>\n                                                    <td>Covers Up To:<\/td>\n                                                    <td>1,427 SQFT to 2,140 SQFT<\/td>\n                                                <\/tr>\n                                                <tr>\n                                                    <td>CFM<\/td>\n                                                    <td>Hi: 4,280 \/ Med: 3,500 \/ Low: 2,361<\/td>\n                                                <\/tr>\n                                                <tr>\n                                                    <td>Watts<\/td>\n                                                    <td>Hi: 408 \/ Med: 225 \/ Low: 73.9<\/td>\n                                                <\/tr>\n                                            <\/tbody>\n                                        <\/table>\n                                    <\/div>\n                                <\/div>\n                            <\/div>\n\n                            <div class=\"content-whf-2\">\n                                <div class=\"whf-table-box\">\n                                    <div style=\"overflow-x: auto; text-align: center;\">\n                                        <table>\n                                            <tbody>\n                                                <tr>\n                                                    <td>Covers Up To:<\/td>\n                                                    <td>1,862 SQFT to 2,794 SQFT<\/td>\n                                                <\/tr>\n                                                <tr>\n                                                    <td>CFM<\/td>\n                                                    <td>Hi: 5,587 \/ Med: 4,262 \/ Low: 3,428<\/td>\n                                                <\/tr>\n                                                <tr>\n                                                    <td>Watts<\/td>\n                                                    <td>Hi: 462 \/ Med: 210 \/ Low: 113<\/td>\n                                                <\/tr>\n                                            <\/tbody>\n                                        <\/table>\n                                    <\/div>\n                                <\/div>\n                            <\/div>\n\n                            <div class=\"content-whf-3\">\n                                <div class=\"whf-table-box\">\n                                    <div style=\"overflow-x: auto; text-align: center;\">\n                                        <table>\n                                            <tbody>\n                                                <tr>\n                                                    <td>Covers Up To:<\/td>\n                                                    <td>2,332 SQFT to 3,498 SQFT<\/td>\n                                                <\/tr>\n                                                <tr>\n                                                    <td>CFM<\/td>\n                                                    <td>Hi: 6,996 \/ Med: 5,448 \/ Low: 4,308<\/td>\n                                                <\/tr>\n                                                <tr>\n                                                    <td>Watts<\/td>\n                                                    <td>Hi: 725 \/ Med: 319 \/ Low: 166<\/td>\n                                                <\/tr>\n                                            <\/tbody>\n                                        <\/table>\n                                    <\/div>\n                                <\/div>\n                            <\/div>\n                        <\/div>\n                    <\/div>\n                    <p class=\"disclosure\">* System Pricing may vary depending on the size of your home.<\/p>\n                <\/div>\n                <div class=\"trident-side\">\n                    <div class=\"title-section\">\n                        <h2>QuietCool Trident Pro X<\/h2>\n                    <\/div>\n                    <ul class=\"trident-list\">\n                        <li><i class=\"fas fa-check\"><\/i> Standard Efficiency PSC Motor<\/li>\n                        <li><i class=\"fas fa-check\"><\/i> 1 & 2 Controllable Speed <\/li>\n                        <li><i class=\"fas fa-check\"><\/i> 1,488 - 7,015 Cubic Feet Per Minute Between Models<\/li>\n                        <li><i class=\"fas fa-check\"><\/i> 15-Year Warranty<\/li>\n                        <li><i class=\"fas fa-check\"><\/i> Easy to Use Controls<\/li>\n                    <\/ul>\n                    <p>The Trident Pro X Whole House Fan by QuietCool is the most affordable whole house fan that is only available through authorized QuietCool dealers. These Whole House Fans are extremely reliable, durable, and most importantly energy-efficient.\n                        It has a Permanent Split Capacitor (PSC) motor that can reduce energy usage by up to 30-60% compared to other standard whole house fans.\n                    <\/p>\n                <\/div>\n            <\/div>\n        <\/div>\n        <!-- This is the Stealth Product -->\n        <div class=\"stealth-title-section\">\n            <div class=\"title-section\">\n                <h2>Ultra Energy-Efficient Whole House Fans<\/h2>\n            <\/div>\n        <\/div>\n        <div class=\"stealth-item\">\n            <div class=\"wrapper\">\n                <div class=\"stealth-side\">\n                    <img src=\"\/wp-content\/uploads\/2021\/06\/QuietCool-Logo-No-Tagline.webp\" alt=\"QuietCool Logo\">\n                    <img src=\"\/wp-content\/uploads\/2021\/06\/stealth-4.8-full-reflection.webp\" alt=\"Trident Fan\">\n                    <div class=\"stealth-tabs\">\n                        <div class=\"tab-container\">\n                            <div class=\"tab-nav\">\n                                <ul>\n                                    <li class=\"whf-1\">Stealth Pro 4.8X<\/li>\n                                    <li class=\"whf-2\">Stealth Pro 6.0X<\/li>\n                                    <li class=\"whf-3\">Stealth Pro 7.0X<\/li>\n                                <\/ul>\n                            <\/div>\n\n                            <div class=\"content-whf-1\">\n                                <div class=\"whf-table-box\">\n                                    <div style=\"overflow-x: auto; text-align: center;\">\n                                        <table>\n                                            <tbody>\n                                                <tr>\n                                                    <td>Covers Up To:<\/td>\n                                                    <td>1,476 SQFT to 2,214 SQFT<\/td>\n                                                <\/tr>\n                                                <tr>\n                                                    <td>CFM<\/td>\n                                                    <td>Hi: 4,428 \/ Low: 3,436<\/td>\n                                                <\/tr>\n                                                <tr>\n                                                    <td>Watts<\/td>\n                                                    <td>Hi: 555 \/ Low: 417<\/td>\n                                                <\/tr>\n                                            <\/tbody>\n                                        <\/table>\n                                    <\/div>\n                                <\/div>\n                            <\/div>\n\n                            <div class=\"content-whf-2\">\n                                <div class=\"whf-table-box\">\n                                    <div style=\"overflow-x: auto; text-align: center;\">\n                                        <table>\n                                            <tbody>\n                                                <tr>\n                                                    <td>Covers Up To:<\/td>\n                                                    <td>1,903 SQFT to 2,854 SQFT<\/td>\n                                                <\/tr>\n                                                <tr>\n                                                    <td>CFM<\/td>\n                                                    <td>Hi: 5,708 \/ Low: 4,319<\/td>\n                                                <\/tr>\n                                                <tr>\n                                                    <td>Watts<\/td>\n                                                    <td>Hi: 777 \/ Low: 560<\/td>\n                                                <\/tr>\n                                            <\/tbody>\n                                        <\/table>\n                                    <\/div>\n                                <\/div>\n                            <\/div>\n\n                            <div class=\"content-whf-3\">\n                                <div class=\"whf-table-box\">\n                                    <div style=\"overflow-x: auto; text-align: center;\">\n                                        <table>\n                                            <tbody>\n                                                <tr>\n                                                    <td>Covers Up To:<\/td>\n                                                    <td>2,338 SQFT to 3,507 SQFT<\/td>\n                                                <\/tr>\n                                                <tr>\n                                                    <td>CFM<\/td>\n                                                    <td>Hi: 7,015 \/ Low: 5,548<\/td>\n                                                <\/tr>\n                                                <tr>\n                                                    <td>Watts<\/td>\n                                                    <td>Hi: 1,147 \/ Low: 797<\/td>\n                                                <\/tr>\n                                            <\/tbody>\n                                        <\/table>\n                                    <\/div>\n                                <\/div>\n                            <\/div>\n                        <\/div>\n                    <\/div>\n                    <p class=\"disclosure\">* System Pricing may vary depending on the size of your home.<\/p>\n                <\/div>\n                <div class=\"stealth-side\">\n                    <div class=\"title-section\">\n                        <h2>QuietCool Stealth Pro X<\/h2>\n                    <\/div>\n                    <ul class=\"stealth-list\">\n                        <li><i class=\"fas fa-check\"><\/i> Ultra Energy-Efficient ECM<\/li>\n                        <li><i class=\"fas fa-check\"><\/i> 1, 2, & 3 Controllable Speed<\/li>\n                        <li><i class=\"fas fa-check\"><\/i> 1,488 \u2013 6,996 Cubic Feet Per Minute Between Models<\/li>\n                        <li><i class=\"fas fa-check\"><\/i> 15-Year Warranty<\/li>\n                        <li><i class=\"fas fa-check\"><\/i> Easy to Use Controls<\/li>\n                    <\/ul>\n                    <p>The Stealth Pro X Whole House Fan by QuietCool is not only the best whole house fan you can install in your home, but it\u2019s the most energy-efficient. It has an Electronic Commutated Motor (ECM) that can reduce energy usage by up to\n                        90% compared to other standard whole house fans.\n                    <\/p>\n                <\/div>\n            <\/div>\n        <\/div>\n        <!-- This is the RF Controller Product -->\n        <div class=\"rf-controller-title-section\">\n            <div class=\"title-section\">\n                <h2>Control Your Fan Anywhere Inside Your Home<\/h2>\n            <\/div>\n        <\/div>\n        <div class=\"rf-controller-item\">\n            <div class=\"wrapper\">\n                <div class=\"rf-controller-side\">\n                    <img src=\"\/wp-content\/uploads\/2021\/06\/QuietCool-Logo-No-Tagline.webp\" alt=\"QuietCool Logo\">\n                    <img src=\"\/wp-content\/uploads\/2021\/06\/RF-KIT-BUNDLE.webp\" alt=\"Trident Fan\">\n\n                <\/div>\n\n                <div class=\"rf-controller-side\">\n                    <div class=\"title-section\">\n                        <h2>QuietCool Wireless RF<\/h2>\n                    <\/div>\n                    <ul class=\"rf-controller-list\">\n                        <li><i class=\"fas fa-check\"><\/i> Control up to 100 ft away<\/li>\n                        <li><i class=\"fas fa-check\"><\/i> Adjustable Timer & Speed<\/li>\n                        <li><i class=\"fas fa-check\"><\/i> Pair Multiple Fans<\/li>\n                        <li><i class=\"fas fa-check\"><\/i> Easy to Use Controls<\/li>\n                    <\/ul>\n                    <p>The new Wireless RF Control Kit by QuietCool, allows a whole house fan system to be controlled anywhere in a home! This control is also detachable, so you can take it with you in the kitchen, in your living room, or even in your bedroom. With the new QuietCool Wireless RF Control Kit, you can experience comfortable cooling with the click of a button.\n                    <\/p>\n                <\/div>\n            <\/div>\n        <\/div>\n    <\/div>"},"elements":[],"isInner":false,"widgetType":"html","elType":"widget"}],"isInner":false,"elType":"column"}],"isInner":false,"elType":"section"},{"id":"4ee21862","settings":{"layout":"full_width","gap":"no","_title":"ROI","background_background":"classic","background_color":"#FFFFFF"},"elements":[{"id":"387029a3","settings":{"_column_size":100,"_inline_size":null},"elements":[{"id":"440c73be","settings":{"html":"<!-- This is the ROI Section -->\n    <div class=\"roi-box\">\n        <div class=\"title-section\">\n            <h2>QuietCool has the shortest Return on Investment<\/h2>\n        <\/div>\n        <div class=\"wrapper\">\n            <img src=\"\/wp-content\/uploads\/2021\/06\/ROI-LandingPage-1600.webp\" alt=\"\" srcset=\"\">\n        <\/div>\n    <\/div>"},"elements":[],"isInner":false,"widgetType":"html","elType":"widget"}],"isInner":false,"elType":"column"}],"isInner":false,"elType":"section"},{"id":"480f3a84","settings":{"layout":"full_width","gap":"no","_title":"Calculator"},"elements":[{"id":"76c8619e","settings":{"_column_size":100,"_inline_size":null},"elements":[{"id":"6cf98aca","settings":{"html":"<!-- This is the Calculator Section -->\n    <div class=\"calculator-box\">\n        <div class=\"title-section\">\n            <h2>QuietCool vs Air Conditioning<\/h2>\n            <h3>Calculate How Much You Spend<\/h3>\n            <!-- <div id=\"how-much-you-save\">\n                <h2>How Much You Save:<\/h2>\n                <ul class=\"hmys-list\">\n                    <li>Day: <span id=\"hmys-day-result\"><\/span><\/li>\n                    <li>Month: <span id=\"hmys-month-result\"><\/span><\/li>\n                    <li>Year: <span id=\"hmys-year-result\"><\/span><\/li>\n                <\/ul>\n            <\/div> -->\n        <\/div>\n\n        <!-- Calculate my Savings Btn -->\n        <!-- <div class=\"cal-btn\">\n            <a href=\"javascript:void(0)\" id=\"cal-btn-results\" onclick=\"subtract()\">Calculate My Savings<\/a>\n        <\/div> -->\n\n\n        <div class=\"comparison-main-box\">\n            <div class=\"comparison-box-qc\">\n                <div id=\"comparison-box-qc-wrapper\">\n                    <div class=\"selection-box\">\n                        <h2 class=\"selection-box-title\">QuietCool<\/h2>\n                        <!-- This is the fan selection -->\n                        <select id=\"fan-selection\" onchange=\"onFanSelect()\">\n                            <option value=\"\">Select Fan<\/option>\n                            <option value=\"trident\">Trident<\/option>\n                            <option value=\"stealth\">Stealth<\/option>\n                        <\/select>\n                        <!-- This is the trident models dropdown -->\n                        <select id=\"trident-models\" onchange=\"onTridentSelect()\">\n                            <option value=\"\">Please Select Model<\/option>\n                            <option value=\"1.5\">1.5<\/option>\n                            <option value=\"2.5\">2.5<\/option>\n                            <option value=\"3.3\">3.3<\/option>\n                            <option value=\"4.8\">4.8<\/option>\n                            <option value=\"5.5\">5.5<\/option>\n                            <option value=\"6.0\">6.0<\/option>\n                            <option value=\"7.0\">7.0<\/option>\n                        <\/select>\n\n                        <!-- This is the trident models dropdown -->\n                        <select id=\"stealth-models\" onchange=\"onStealthSelect()\">\n                            <option value=\"\">Please Select Model<\/option>\n                            <option value=\"1.5\">1.5<\/option>\n                            <option value=\"2.5\">2.5<\/option>\n                            <option value=\"3.3\">3.3<\/option>\n                            <option value=\"4.8\">4.8<\/option>\n                            <option value=\"5.5\">5.5<\/option>\n                            <option value=\"6.0\">6.0<\/option>\n                            <option value=\"7.0\">7.0<\/option>\n                        <\/select>\n                    <\/div>\n\n                    <div id=\"slider-and-results-wrapper\">\n                        <!-- This is the Slider -->\n                        <div class=\"slider-box\">\n                            <!-- This is the Hours Section -->\n                            <div class=\"hours-box\">\n                                <h2 class=\"hours-title\">Run time: <span id=\"slider-hours-results\">0<\/span> Hours<\/h2>\n                                <!-- <h3 > 0<\/h3> -->\n                            <\/div>\n                            <!-- This is the Slider Input -->\n                            <div class=\"slider-wrapper\">\n                                <input type=\"range\" name=\"silder-hours-range\" id=\"slider-hours-range\" min=\"0\" max=\"12\" value=\"0\">\n                            <\/div>\n                        <\/div>\n                        <div class=\"title-section\">\n                            <h3>The Average Amount You Spend<\/h3>\n                        <\/div>\n\n\n                        <!-- This is the Day Results -->\n                        <div class=\"day-box\">\n                            <h2 class=\"day-title\">Day<\/h2>\n                            <h3 id=\"slider-day-results\">$0<\/h3>\n                        <\/div>\n                        <!-- This is the Month Results -->\n                        <div class=\"month-box\">\n                            <h2 class=\"month-title\">Month<\/h2>\n                            <h3 id=\"slider-month-results\">$0<\/h3>\n                        <\/div>\n                        <!-- This is the Year Results -->\n                        <div class=\"year-box\">\n                            <h2 class=\"year-title\">Year<\/h2>\n                            <h3 id=\"slider-year-results\">$0<\/h3>\n                        <\/div>\n                    <\/div>\n                <\/div>\n            <\/div>\n\n            <div class=\"comparison-box-ac\">\n                <div id=\"comparison-box-ac-wrapper\">\n                    <div class=\"selection-box-ac\">\n                        <h2 class=\"selection-box-title\">Air Conditioning<\/h2>\n                        <!-- This is the fan selection -->\n                        <select id=\"ac-kwh-selection\" onchange=\"onAcKwhSelect()\">\n                            <option value=\"\">Select Watts<\/option>\n                            <option value=\"3000\">3000 Watts<\/option>\n                            <option value=\"5000\">5000 Watts<\/option>\n                            <option value=\"8000\">8000 Watts<\/option>\n                        <\/select>\n                    <\/div>\n\n                    <div id=\"slider-and-results-kwh-wrapper\">\n                        <!-- This is the Slider -->\n                        <div class=\"slider-box\">\n                            <!-- This is the Hours Section -->\n                            <div class=\"hours-box\">\n                                <h2 class=\"hours-title\">Run time: <span id=\"slider-hours-results-ac\">0<\/span> Hours<\/h2>\n                                <!-- <h3 id=\"slider-hours-results-ac\"> 0<\/h3> -->\n                            <\/div>\n                            <!-- This is the Slider Input -->\n                            <div class=\"slider-wrapper-ac\">\n                                <input type=\"range\" name=\"silder-hours-range\" id=\"slider-hours-range-ac\" min=\"0\" max=\"12\" value=\"0\">\n                            <\/div>\n                        <\/div>\n\n\n                        <!-- This is the Day Results -->\n\n                        <div class=\"title-section\">\n                            <h3>The Average Amount You Spend<\/h3>\n                        <\/div>\n                        <div class=\"day-box\">\n                            <h2 class=\"day-title\">Day<\/h2>\n                            <h3 id=\"slider-day-results-ac\">$0<\/h3>\n                        <\/div>\n                        <!-- This is the Month Results -->\n                        <div class=\"month-box\">\n                            <h2 class=\"month-title\">Month<\/h2>\n                            <h3 id=\"slider-month-results-ac\">$0<\/h3>\n                        <\/div>\n                        <!-- This is the Year Results -->\n                        <div class=\"year-box\">\n                            <h2 class=\"year-title\">Year<\/h2>\n                            <h3 id=\"slider-year-results-ac\">$0<\/h3>\n                        <\/div>\n                    <\/div>\n                <\/div>\n            <\/div>\n        <\/div>\n    <\/div>"},"elements":[],"isInner":false,"widgetType":"html","elType":"widget"}],"isInner":false,"elType":"column"}],"isInner":false,"elType":"section"},{"id":"55bf3616","settings":{"layout":"full_width","gap":"no","_title":"Avoid Spending","background_background":"classic","background_color":"#FFFFFF"},"elements":[{"id":"6b75522a","settings":{"_column_size":100,"_inline_size":null},"elements":[{"id":"4ba9656","settings":{"html":"<!-- This is the Avoid Spending Section -->\n    <div class=\"avoid-spending-box\">\n        <div class=\"wrapper\">\n            <div class=\"avoid-spending-item\">\n                <div class=\"title-section\">\n                    <h1>Avoid overspending on air<\/h1>\n                    <h1>conditioning cost<\/h1>\n                <\/div>\n\n                <ul class=\"avoid-spending-list\">\n                    <li>\n                        <div class=\"avoid-spending-icon\"><i class=\"fas fa-check\"><\/i><\/div>\n                        <div class=\"avoid-spending-text\">Save 50-90% on air conditioning costs<\/div>\n                    <\/li>\n\n                    <li>\n                        <div class=\"avoid-spending-icon\"><i class=\"fas fa-check\"><\/i><\/div>\n                        <div class=\"avoid-spending-text\"> Prolong the life of your air conditioning unit and save more on a\/c repairs<\/div>\n                    <\/li>\n\n                    <li>\n                        <div class=\"avoid-spending-icon\"><i class=\"fas fa-check\"><\/i><\/div>\n                        <div class=\"avoid-spending-text\"> Dramatically reduce your electric bill and save hundreds of dollars every year<\/div>\n                    <\/li>\n                <\/ul>\n            <\/div>\n\n            <div class=\"avoid-spending-item\">\n                <div class=\"title-section\">\n                    <h1>Receive your<\/h1>\n                    <h1>free consultation today!<\/h1>\n                <\/div>\n\n                \n               [contact-form-7 id=\"1331\" title=\"Consultation Clickon\"]\n            <\/div>\n        <\/div>\n    <\/div>"},"elements":[],"isInner":false,"widgetType":"html","elType":"widget"}],"isInner":false,"elType":"column"}],"isInner":false,"elType":"section"},{"id":"9ff3e61","settings":{"layout":"full_width","gap":"no","_title":"Last Form"},"elements":[{"id":"aec525f","settings":{"_column_size":100,"_inline_size":null},"elements":[{"id":"2bbbedf4","settings":{"html":"    <!-- This is last Form Submition -->\n    <div class=\"last-form-submition\">\n        <div class=\"wrapper\">\n            <div class=\"title-section\">\n                <h1>WHAT ARE YOU WAITING FOR? <\/h1>\n                <h1>START LIVING HEALTHIER IN YOUR HOME<\/h1>\n                <a id=\"last-form-btn\" href=\"javascript:void(0)\">GET YOUR FREE QUOTE TODAY<\/a>\n            <\/div>\n        <\/div>\n    <\/div>\n"},"elements":[],"isInner":false,"widgetType":"html","elType":"widget"}],"isInner":false,"elType":"column"}],"isInner":false,"elType":"section"},{"id":"623e53d7","settings":{"layout":"full_width","gap":"no","_title":"Footer","background_background":"classic","background_color":"#FFFFFF"},"elements":[{"id":"24ebf0d5","settings":{"_column_size":100,"_inline_size":null},"elements":[{"id":"6a9358ee","settings":{"html":"  <!-- This is the Footer Section -->\n    <div class=\"footer-box-2\">\n        <div class=\"wrapper\">\n            <div class=\"footer-top-content\">\n                <img src=\"https:\/\/quietcool.earthchoiceenergy.com\/wp-content\/uploads\/2021\/02\/EarthChoice-Solar-Logo-1.png\">\n                <div class=\"title-section\">\n                    <h2>VIEW OUR REVIEWS<\/h2>\n                <\/div>\n                <ul class=\"social-media-icons\">\n                    <li>\n                        <a href=\"https:\/\/www.google.com\/search?q=earthchoice+solar+google+reviews&ei=89jQYIqkNsqE-gSQmriwBg&oq=earthchoice+solar+google&gs_lcp=Cgdnd3Mtd2l6EAMYADIFCCEQoAEyBQghEKABMgUIIRCgAToOCC4QxwEQrwEQsAMQkwI6BggAEBYQHjoFCCEQqwI6BwghEAoQoAFQxStY4TZg6kFoAHAAeACAAWeIAaUGkgEDNy4ymAEAoAEBqgEHZ3dzLXdpesgBAcABAQ&sclient=gws-wiz#lrd=0x80dce9a820171589:0x753c28cb912caf9,1,,,\"><img src=\"\/wp-content\/uploads\/2021\/06\/google-icon.webp\" alt=\"This is the Social Media Icon Google\"><\/a>\n                    <\/li>\n                    <li>\n                        <a href=\"https:\/\/www.yelp.com\/biz\/earthchoice-solar-laguna-hills-2\"><img src=\"\/wp-content\/uploads\/2021\/06\/yelp-icon.webp\" alt=\"This is the Social Media Icon Yelp\"><\/a>\n                    <\/li>\n                    <li>\n                        <a href=\"https:\/\/www.facebook.com\/pg\/Earthchoicesolar\/reviews\/\"><img src=\"\/wp-content\/uploads\/2021\/06\/facebook-icon.webp\" alt=\"This is the Social Media Icon Facebook\"><\/a>\n                    <\/li>\n                    <!--<li>-->\n                    <!--    <a href=\"#\"><img src=\"https:\/\/mailer.wholehousefanexperts.com\/wp-content\/uploads\/2021\/06\/houzz-icon.webp\" alt=\"This is the Social Media Icon Houzz\"><\/a>-->\n                    <!--<\/li>-->\n                <\/ul>\n            <\/div>\n        <\/div>\n        <div class=\"footer-bottom-content\">\n            <ul>\n                <li>\u00a9 All Rights Reserved 2021 <a href=\"https:\/\/earthchoiceenergy.com\/\">Earthchoice Solar<\/a> Powered by <a href=\"https:\/\/quietcoolsystems.com\">QuietCool<\/a><\/li>\n                <li><a href=\"\/privacy-policy\">PRIVACY POLICY<\/a> | <a href=\"terms-of-service\">TERMS OF SERVICE<\/a> <\/li>\n                <li>Contractor's License Number #1009039<\/li>\n            <\/ul>\n        <\/div>\n\n        <!-- This is the Slide up Footer -->\n        <div id=\"slide-up-footer\">\n            <div class=\"wrapper\">\n                <div class=\"footer-nav\">\n                    <div class=\"footer-nav-item\" id=\"footer-form-btn\">\n                        <p id=\"footer-form-btn\"><i class=\"far fa-file-alt\"><\/i> Free Quote<\/p>\n                    <\/div>\n                    <div class=\"footer-nav-item\" id=\"footer-call-btn\">\n                        <a id=\"footer-call-btn\" href=\"tel:949-799-2060\"><i class=\"fas fa-phone-alt\"><\/i> Call Now<\/a>\n                    <\/div>\n                <\/div>\n                <div class=\"footer-slide-up-content\">\n                    <div class=\"footer-slide-up-exit-btn\">\n                        <p id=\"slide-up-exit-btn\"><i class=\"fas fa-times\"><\/i><\/p>\n                    <\/div>\n                    <div class=\"footer-slide-up-form\">\n                       [contact-form-7 id=\"1331\" title=\"Consultation Clickon\"]\n                    <\/div>\n\n                <\/div>\n            <\/div>\n        <\/div>\n    <\/div>"},"elements":[],"isInner":false,"widgetType":"html","elType":"widget"}],"isInner":false,"elType":"column"}],"isInner":false,"elType":"section"},{"id":"2f74d672","settings":{"layout":"full_width","gap":"no","_title":"JS Scripts"},"elements":[{"id":"2e3a5b7","settings":{"_column_size":100,"_inline_size":null},"elements":[{"id":"251c3011","settings":{"html":"<script src=\"https:\/\/cdnjs.cloudflare.com\/ajax\/libs\/jquery\/3.6.0\/jquery.min.js\" referrerpolicy=\"no-referrer\"><\/script>\n<script>\n    $(\".whf-1\").on(\"click\", function() {\n        $(\".content-whf-1\").css(\"display\", \"block\");\n        $(\".whf-1\").css(\"backgroundColor\", \"#c10909\");\n        $(\".whf-2\").css(\"backgroundColor\", \"#ea252c\");\n        $(\".whf-3\").css(\"backgroundColor\", \"#ea252c\");\n        $(\".content-whf-2\").css(\"display\", \"none\");\n        $(\".content-whf-3\").css(\"display\", \"none\");\n    });\n\n    $(\".whf-2\").on(\"click\", function() {\n        $(\".content-whf-1\").css(\"display\", \"none\");\n        $(\".content-whf-2\").css(\"display\", \"block\");\n        $(\".whf-2\").css(\"backgroundColor\", \"#c10909\");\n        $(\".whf-1\").css(\"backgroundColor\", \"#ea252c\");\n        $(\".whf-3\").css(\"backgroundColor\", \"#ea252c\");\n        $(\".content-whf-3\").css(\"display\", \"none\");\n    });\n\n    $(\".whf-3\").on(\"click\", function() {\n        $(\".content-whf-1\").css(\"display\", \"none\");\n        $(\".content-whf-2\").css(\"display\", \"none\");\n        $(\".content-whf-3\").css(\"display\", \"block\");\n        $(\".whf-1\").css(\"backgroundColor\", \"#ea252c\");\n        $(\".whf-2\").css(\"backgroundColor\", \"#ea252c\");\n        $(\".whf-3\").css(\"backgroundColor\", \"#c10909\");\n    });\n\n\n\/\/ This is the Calculator Section\n\n\nvar sliderHoursRange = document.getElementById(\"slider-hours-range\");\nvar sliderHoursRangeResults = document.getElementById(\"slider-hours-results\");\nvar sliderDayRangeResults = document.getElementById(\"slider-day-results\");\nvar sliderMonthResults = document.getElementById(\"slider-month-results\");\nvar sliderYearResults = document.getElementById(\"slider-year-results\");\n\n\/\/ var hmysDayResult = document.getElementById(\"hmys-day-result\");\n\/\/ var hmysMonthResult = document.getElementById(\"hmys-month-result\");\n\/\/ var hmysYearResult = document.getElementById(\"hmys-year-result\");\n\n\/\/ This is the Template for the fan Object\n\nfunction fan(model, watts, kwh, kwhPrice) {\n    this.model = model;\n    this.watts = watts;\n    this.kwh = kwh;\n    this.kwhPrice = kwhPrice;\n}\n\n\n\n\n\n\n\/\/ this is the Fan Selection\nfunction onFanSelect() {\n    var fanSelection = document.getElementById(\"fan-selection\").value;\n    if (fanSelection == \"trident\") {\n        document.getElementById(\"trident-models\").style.display = \"block\";\n        document.getElementById(\"stealth-models\").style.display = \"none\";\n        \/\/ document.getElementById(\"slider-and-results-wrapper\").style.display = \"none\";\n    } else if (fanSelection == \"stealth\") {\n        document.getElementById(\"trident-models\").style.display = \"none\";\n        document.getElementById(\"stealth-models\").style.display = \"block\";\n        \/\/ document.getElementById(\"slider-and-results-wrapper\").style.display = \"none\";\n    } else {\n        alert(\"Please Select a Fan\");\n        document.getElementById(\"trident-models\").style.display = \"none\";\n        document.getElementById(\"stealth-models\").style.display = \"none\";\n        \/\/ document.getElementById(\"slider-and-results-wrapper\").style.display = \"none\";\n    }\n}\n\n\/\/ This is the Trident Selection\nfunction onTridentSelect() {\n    \/\/ This is the Model 1.5\n    var tridentSelection = document.getElementById(\"trident-models\").value;\n\n    if (tridentSelection == \"1.5\") {\n        document.getElementById(\"slider-and-results-wrapper\").style.display = \"flex\";\n\n        sliderHoursRangeResults.innerHTML = sliderHoursRange.value = 0;\n        sliderDayRangeResults.innerHTML = \"$\" + 0;\n        sliderMonthResults.innerHTML = \"$\" + 0;\n        sliderYearResults.innerHTML = \"$\" + 0;\n\n        sliderHoursRange.oninput = function() {\n                sliderHoursRangeResults.innerHTML = this.value;\n\n                var trident = new fan(1.5, 115, 1000, .35);\n                \/\/ This is for the day\n                sliderDayRangeResults.innerHTML = \"$\" + Math.round(trident.watts \/ trident.kwh * this.value * trident.kwhPrice * 100) \/ 100;\n\n                \/\/ This is for the Month\n                sliderMonthResults.innerHTML = \"$\" + Math.round(trident.watts \/ trident.kwh * this.value * 30 * trident.kwhPrice * 100) \/ 100;\n\n                \/\/ This is for the Year\n                sliderYearResults.innerHTML = \"$\" + Math.round(trident.watts \/ trident.kwh * this.value * 365 * trident.kwhPrice * 100) \/ 100;\n\n\n            }\n            \/\/ This is the Model 2.5\n    } else if (tridentSelection == \"2.5\") {\n        document.getElementById(\"slider-and-results-wrapper\").style.display = \"flex\";\n\n        sliderHoursRangeResults.innerHTML = sliderHoursRange.value = 0;\n        sliderDayRangeResults.innerHTML = \"$\" + 0;\n        sliderMonthResults.innerHTML = \"$\" + 0;\n        sliderYearResults.innerHTML = \"$\" + 0;\n\n        sliderHoursRange.oninput = function() {\n                sliderHoursRangeResults.innerHTML = this.value;\n\n                var trident = new fan(2.5, 244, 1000, .35);\n                \/\/ This is for the day\n                sliderDayRangeResults.innerHTML = \"$\" + Math.round(trident.watts \/ trident.kwh * this.value * trident.kwhPrice * 100) \/ 100;\n\n                \/\/ This is for the Month\n                sliderMonthResults.innerHTML = \"$\" + Math.round(trident.watts \/ trident.kwh * this.value * 30 * trident.kwhPrice * 100) \/ 100;\n\n                \/\/ This is for the Year\n                sliderYearResults.innerHTML = \"$\" + Math.round(trident.watts \/ trident.kwh * this.value * 365 * trident.kwhPrice * 100) \/ 100;\n            }\n            \/\/ This is the Model 3.3\n    } else if (tridentSelection == \"3.3\") {\n        document.getElementById(\"slider-and-results-wrapper\").style.display = \"flex\";\n\n        sliderHoursRangeResults.innerHTML = sliderHoursRange.value = 0;\n        sliderDayRangeResults.innerHTML = \"$\" + 0;\n        sliderMonthResults.innerHTML = \"$\" + 0;\n        sliderYearResults.innerHTML = \"$\" + 0;\n\n        sliderHoursRange.oninput = function() {\n                sliderHoursRangeResults.innerHTML = this.value;\n\n                var trident = new fan(3.3, 323, 1000, .35);\n                \/\/ This is for the day\n                sliderDayRangeResults.innerHTML = \"$\" + Math.round(trident.watts \/ trident.kwh * this.value * trident.kwhPrice * 100) \/ 100;\n\n                \/\/ This is for the Month\n                sliderMonthResults.innerHTML = \"$\" + Math.round(trident.watts \/ trident.kwh * this.value * 30 * trident.kwhPrice * 100) \/ 100;\n\n                \/\/ This is for the Year\n                sliderYearResults.innerHTML = \"$\" + Math.round(trident.watts \/ trident.kwh * this.value * 365 * trident.kwhPrice * 100) \/ 100;\n\n\n            }\n            \/\/ This is the Model 4.8\n    } else if (tridentSelection == \"4.8\") {\n        document.getElementById(\"slider-and-results-wrapper\").style.display = \"flex\";\n\n        sliderHoursRangeResults.innerHTML = sliderHoursRange.value = 0;\n        sliderDayRangeResults.innerHTML = \"$\" + 0;\n        sliderMonthResults.innerHTML = \"$\" + 0;\n        sliderYearResults.innerHTML = \"$\" + 0;\n\n        sliderHoursRange.oninput = function() {\n            sliderHoursRangeResults.innerHTML = this.value;\n\n            var trident = new fan(4.8, 555, 1000, .35);\n            \/\/ This is for the day\n            sliderDayRangeResults.innerHTML = \"$\" + Math.round(trident.watts \/ trident.kwh * this.value * trident.kwhPrice * 100) \/ 100;\n\n            \/\/ This is for the Month\n            sliderMonthResults.innerHTML = \"$\" + Math.round(trident.watts \/ trident.kwh * this.value * 30 * trident.kwhPrice * 100) \/ 100;\n\n            \/\/ This is for the Year\n            sliderYearResults.innerHTML = \"$\" + Math.round(trident.watts \/ trident.kwh * this.value * 365 * trident.kwhPrice * 100) \/ 100;\n\n\n        }\n\n        \/\/ This is the Model 5.5\n    } else if (tridentSelection == \"5.5\") {\n        document.getElementById(\"slider-and-results-wrapper\").style.display = \"flex\";\n\n        sliderHoursRangeResults.innerHTML = sliderHoursRange.value = 0;\n        sliderDayRangeResults.innerHTML = \"$\" + 0;\n        sliderMonthResults.innerHTML = \"$\" + 0;\n        sliderYearResults.innerHTML = \"$\" + 0;\n\n        sliderHoursRange.oninput = function() {\n                sliderHoursRangeResults.innerHTML = this.value;\n\n                var trident = new fan(5.5, 632, 1000, .35);\n                \/\/ This is for the day\n                sliderDayRangeResults.innerHTML = \"$\" + Math.round(trident.watts \/ trident.kwh * this.value * trident.kwhPrice * 100) \/ 100;\n\n                \/\/ This is for the Month\n                sliderMonthResults.innerHTML = \"$\" + Math.round(trident.watts \/ trident.kwh * this.value * 30 * trident.kwhPrice * 100) \/ 100;\n\n                \/\/ This is for the Year\n                sliderYearResults.innerHTML = \"$\" + Math.round(trident.watts \/ trident.kwh * this.value * 365 * trident.kwhPrice * 100) \/ 100;\n\n\n            }\n            \/\/ This is the Model 6.0\n    } else if (tridentSelection == \"6.0\") {\n        document.getElementById(\"slider-and-results-wrapper\").style.display = \"flex\";\n\n        sliderHoursRangeResults.innerHTML = sliderHoursRange.value = 0;\n        sliderDayRangeResults.innerHTML = \"$\" + 0;\n        sliderMonthResults.innerHTML = \"$\" + 0;\n        sliderYearResults.innerHTML = \"$\" + 0;\n\n        sliderHoursRange.oninput = function() {\n                sliderHoursRangeResults.innerHTML = this.value;\n\n                var trident = new fan(6.0, 777, 1000, .35);\n                \/\/ This is for the day\n                sliderDayRangeResults.innerHTML = \"$\" + Math.round(trident.watts \/ trident.kwh * this.value * trident.kwhPrice * 100) \/ 100;\n\n                \/\/ This is for the Month\n                sliderMonthResults.innerHTML = \"$\" + Math.round(trident.watts \/ trident.kwh * this.value * 30 * trident.kwhPrice * 100) \/ 100;\n\n                \/\/ This is for the Year\n                sliderYearResults.innerHTML = \"$\" + Math.round(trident.watts \/ trident.kwh * this.value * 365 * trident.kwhPrice * 100) \/ 100;\n\n\n            }\n            \/\/ This is the Model 7.0\n    } else if (tridentSelection == \"7.0\") {\n        document.getElementById(\"slider-and-results-wrapper\").style.display = \"flex\";\n\n        sliderHoursRangeResults.innerHTML = sliderHoursRange.value = 0;\n        sliderDayRangeResults.innerHTML = \"$\" + 0;\n        sliderMonthResults.innerHTML = \"$\" + 0;\n        sliderYearResults.innerHTML = \"$\" + 0;\n\n        sliderHoursRange.oninput = function() {\n            sliderHoursRangeResults.innerHTML = this.value;\n\n            var trident = new fan(7.0, 1147, 1000, .35);\n            \/\/ This is for the day\n            sliderDayRangeResults.innerHTML = \"$\" + Math.round(trident.watts \/ trident.kwh * this.value * trident.kwhPrice * 100) \/ 100;\n\n            \/\/ This is for the Month\n            sliderMonthResults.innerHTML = \"$\" + Math.round(trident.watts \/ trident.kwh * this.value * 30 * trident.kwhPrice * 100) \/ 100;\n\n            \/\/ This is for the Year\n            sliderYearResults.innerHTML = \"$\" + Math.round(trident.watts \/ trident.kwh * this.value * 365 * trident.kwhPrice * 100) \/ 100;\n\n\n        }\n    } else {\n        alert(\"Please Make A Model Selection\");\n    }\n}\n\n\n\/\/ This is the Stealth Selection\nfunction onStealthSelect() {\n    \/\/ This is the Model 1.5\n    var stealthSelection = document.getElementById(\"stealth-models\").value;\n\n    if (stealthSelection == \"1.5\") {\n        document.getElementById(\"slider-and-results-wrapper\").style.display = \"flex\";\n\n        sliderHoursRangeResults.innerHTML = sliderHoursRange.value = 0;\n        sliderDayRangeResults.innerHTML = \"$\" + 0;\n        sliderMonthResults.innerHTML = \"$\" + 0;\n        sliderYearResults.innerHTML = \"$\" + 0;\n\n        sliderHoursRange.oninput = function() {\n                sliderHoursRangeResults.innerHTML = this.value;\n\n                var stealth = new fan(1.5, 66.7, 1000, .35);\n                \/\/ This is for the day\n                sliderDayRangeResults.innerHTML = \"$\" + Math.round(stealth.watts \/ stealth.kwh * this.value * stealth.kwhPrice * 100) \/ 100;\n\n                \/\/ This is for the Month\n                sliderMonthResults.innerHTML = \"$\" + Math.round(stealth.watts \/ stealth.kwh * this.value * 30 * stealth.kwhPrice * 100) \/ 100;\n\n                \/\/ This is for the Year\n                sliderYearResults.innerHTML = \"$\" + Math.round(stealth.watts \/ stealth.kwh * this.value * 365 * stealth.kwhPrice * 100) \/ 100;\n\n\n            }\n            \/\/ This is the Model 2.5\n    } else if (stealthSelection == \"2.5\") {\n        document.getElementById(\"slider-and-results-wrapper\").style.display = \"flex\";\n\n        sliderHoursRangeResults.innerHTML = sliderHoursRange.value = 0;\n        sliderDayRangeResults.innerHTML = \"$\" + 0;\n        sliderMonthResults.innerHTML = \"$\" + 0;\n        sliderYearResults.innerHTML = \"$\" + 0;\n\n        sliderHoursRange.oninput = function() {\n                sliderHoursRangeResults.innerHTML = this.value;\n\n                var stealth = new fan(2.5, 157, 1000, .35);\n                \/\/ This is for the day\n                sliderDayRangeResults.innerHTML = \"$\" + Math.round(stealth.watts \/ stealth.kwh * this.value * stealth.kwhPrice * 100) \/ 100;\n\n                \/\/ This is for the Month\n                sliderMonthResults.innerHTML = \"$\" + Math.round(stealth.watts \/ stealth.kwh * this.value * 30 * stealth.kwhPrice * 100) \/ 100;\n\n                \/\/ This is for the Year\n                sliderYearResults.innerHTML = \"$\" + Math.round(stealth.watts \/ stealth.kwh * this.value * 365 * stealth.kwhPrice * 100) \/ 100;\n\n\n            }\n            \/\/ This is the Model 3.3\n    } else if (stealthSelection == \"3.3\") {\n        document.getElementById(\"slider-and-results-wrapper\").style.display = \"flex\";\n\n        sliderHoursRangeResults.innerHTML = sliderHoursRange.value = 0;\n        sliderDayRangeResults.innerHTML = \"$\" + 0;\n        sliderMonthResults.innerHTML = \"$\" + 0;\n        sliderYearResults.innerHTML = \"$\" + 0;\n\n        sliderHoursRange.oninput = function() {\n                sliderHoursRangeResults.innerHTML = this.value;\n\n                var stealth = new fan(3.3, 264, 1000, .35);\n                \/\/ This is for the day\n                sliderDayRangeResults.innerHTML = \"$\" + Math.round(stealth.watts \/ stealth.kwh * this.value * stealth.kwhPrice * 100) \/ 100;\n\n                \/\/ This is for the Month\n                sliderMonthResults.innerHTML = \"$\" + Math.round(stealth.watts \/ stealth.kwh * this.value * 30 * stealth.kwhPrice * 100) \/ 100;\n\n                \/\/ This is for the Year\n                sliderYearResults.innerHTML = \"$\" + Math.round(stealth.watts \/ stealth.kwh * this.value * 365 * stealth.kwhPrice * 100) \/ 100;\n\n\n            }\n            \/\/ This is the Model 4.8\n    } else if (stealthSelection == \"4.8\") {\n        document.getElementById(\"slider-and-results-wrapper\").style.display = \"flex\";\n\n        sliderHoursRangeResults.innerHTML = sliderHoursRange.value = 0;\n        sliderDayRangeResults.innerHTML = \"$\" + 0;\n        sliderMonthResults.innerHTML = \"$\" + 0;\n        sliderYearResults.innerHTML = \"$\" + 0;\n\n        sliderHoursRange.oninput = function() {\n            sliderHoursRangeResults.innerHTML = this.value;\n\n            var stealth = new fan(4.8, 408, 1000, .35);\n            \/\/ This is for the day\n            sliderDayRangeResults.innerHTML = \"$\" + Math.round(stealth.watts \/ stealth.kwh * this.value * stealth.kwhPrice * 100) \/ 100;\n\n            \/\/ This is for the Month\n            sliderMonthResults.innerHTML = \"$\" + Math.round(stealth.watts \/ stealth.kwh * this.value * 30 * stealth.kwhPrice * 100) \/ 100;\n\n            \/\/ This is for the Year\n            sliderYearResults.innerHTML = \"$\" + Math.round(stealth.watts \/ stealth.kwh * this.value * 365 * stealth.kwhPrice * 100) \/ 100;\n\n\n        }\n\n        \/\/ This is the Model 5.5\n    } else if (stealthSelection == \"5.5\") {\n        document.getElementById(\"slider-and-results-wrapper\").style.display = \"flex\";\n\n        sliderHoursRangeResults.innerHTML = sliderHoursRange.value = 0;\n        sliderDayRangeResults.innerHTML = \"$\" + 0;\n        sliderMonthResults.innerHTML = \"$\" + 0;\n        sliderYearResults.innerHTML = \"$\" + 0;\n\n        sliderHoursRange.oninput = function() {\n                sliderHoursRangeResults.innerHTML = this.value;\n\n                var stealth = new fan(5.5, 490, 1000, .35);\n                \/\/ This is for the day\n                sliderDayRangeResults.innerHTML = \"$\" + Math.round(stealth.watts \/ stealth.kwh * this.value * stealth.kwhPrice * 100) \/ 100;\n\n                \/\/ This is for the Month\n                sliderMonthResults.innerHTML = \"$\" + Math.round(stealth.watts \/ stealth.kwh * this.value * 30 * stealth.kwhPrice * 100) \/ 100;\n\n                \/\/ This is for the Year\n                sliderYearResults.innerHTML = \"$\" + Math.round(stealth.watts \/ stealth.kwh * this.value * 365 * stealth.kwhPrice * 100) \/ 100;\n\n\n            }\n            \/\/ This is the Model 6.0\n    } else if (stealthSelection == \"6.0\") {\n        document.getElementById(\"slider-and-results-wrapper\").style.display = \"flex\";\n\n        sliderHoursRangeResults.innerHTML = sliderHoursRange.value = 0;\n        sliderDayRangeResults.innerHTML = \"$\" + 0;\n        sliderMonthResults.innerHTML = \"$\" + 0;\n        sliderYearResults.innerHTML = \"$\" + 0;\n\n        sliderHoursRange.oninput = function() {\n                sliderHoursRangeResults.innerHTML = this.value;\n\n                var stealth = new fan(6.0, 462, 1000, .35);\n                \/\/ This is for the day\n                sliderDayRangeResults.innerHTML = \"$\" + Math.round(stealth.watts \/ stealth.kwh * this.value * stealth.kwhPrice * 100) \/ 100;\n\n                \/\/ This is for the Month\n                sliderMonthResults.innerHTML = \"$\" + Math.round(stealth.watts \/ stealth.kwh * this.value * 30 * stealth.kwhPrice * 100) \/ 100;\n\n                \/\/ This is for the Year\n                sliderYearResults.innerHTML = \"$\" + Math.round(stealth.watts \/ stealth.kwh * this.value * 365 * stealth.kwhPrice * 100) \/ 100;\n\n\n            }\n            \/\/ This is the Model 7.0\n    } else if (stealthSelection == \"7.0\") {\n        document.getElementById(\"slider-and-results-wrapper\").style.display = \"flex\";\n\n        sliderHoursRangeResults.innerHTML = sliderHoursRange.value = 0;\n        sliderDayRangeResults.innerHTML = \"$\" + 0;\n        sliderMonthResults.innerHTML = \"$\" + 0;\n        sliderYearResults.innerHTML = \"$\" + 0;\n\n        sliderHoursRange.oninput = function() {\n            sliderHoursRangeResults.innerHTML = this.value;\n\n            var stealth = new fan(7.0, 725, 1000, .35);\n            \/\/ This is for the day\n            sliderDayRangeResults.innerHTML = \"$\" + Math.round(stealth.watts \/ stealth.kwh * this.value * stealth.kwhPrice * 100) \/ 100;\n\n            \/\/ This is for the Month\n            sliderMonthResults.innerHTML = \"$\" + Math.round(stealth.watts \/ stealth.kwh * this.value * 30 * stealth.kwhPrice * 100) \/ 100;\n\n            \/\/ This is for the Year\n            sliderYearResults.innerHTML = \"$\" + Math.round(stealth.watts \/ stealth.kwh * this.value * 365 * stealth.kwhPrice * 100) \/ 100;\n\n\n        }\n    } else {\n        alert(\"Please Make A Model Selection\");\n    }\n}\n\n\/\/ This is the AC Section\n\nvar sliderDayRangeResultsAC = document.getElementById(\"slider-day-results-ac\");\nvar sliderMonthRangeResultsAC = document.getElementById(\"slider-month-results-ac\");\nvar sliderYearRangeResultsAC = document.getElementById(\"slider-year-results-ac\");\nvar sliderHoursRangeAC = document.getElementById(\"slider-hours-range-ac\");\nvar sliderHoursRangeResultsAC = document.getElementById(\"slider-hours-results-ac\");\n\n\nfunction onAcKwhSelect() {\n    var acKwhSelection = document.getElementById(\"ac-kwh-selection\").value;\n\n    if (acKwhSelection === \"3000\") {\n        document.getElementById(\"slider-and-results-kwh-wrapper\").style.display = \"flex\";\n\n        sliderHoursRangeResultsAC.innerHTML = sliderHoursRangeAC.value = 0;\n        sliderDayRangeResultsAC.innerHTML = \"$\" + 0;\n        sliderMonthRangeResultsAC.innerHTML = \"$\" + 0;\n        sliderYearRangeResultsAC.innerHTML = \"$\" + 0;\n\n        sliderHoursRangeAC.oninput = function() {\n            sliderHoursRangeResultsAC.innerHTML = this.value;\n\n            var watts3000 = new fan(3000, 3000, 1000, .35);\n            \/\/ This is for the day\n            sliderDayRangeResultsAC.innerHTML = \"$\" + Math.round(watts3000.watts \/ watts3000.kwh * this.value * watts3000.kwhPrice * 100) \/ 100;\n\n            \/\/ This is for the Month\n            sliderMonthRangeResultsAC.innerHTML = \"$\" + Math.round(watts3000.watts \/ watts3000.kwh * this.value * 30 * watts3000.kwhPrice * 100) \/ 100;\n\n            \/\/ This is for the Year\n            sliderYearRangeResultsAC.innerHTML = \"$\" + Math.round(watts3000.watts \/ watts3000.kwh * this.value * 365 * watts3000.kwhPrice * 100) \/ 100;\n        }\n    } else if (acKwhSelection === \"5000\") {\n        document.getElementById(\"slider-and-results-kwh-wrapper\").style.display = \"flex\";\n\n        sliderHoursRangeResultsAC.innerHTML = sliderHoursRangeAC.value = 0;\n        sliderDayRangeResultsAC.innerHTML = \"$\" + 0;\n        sliderMonthRangeResultsAC.innerHTML = \"$\" + 0;\n        sliderYearRangeResultsAC.innerHTML = \"$\" + 0;\n\n        sliderHoursRangeAC.oninput = function() {\n            sliderHoursRangeResultsAC.innerHTML = this.value;\n\n            var watts5000 = new fan(5000, 5000, 1000, .35);\n            \/\/ This is for the day\n            sliderDayRangeResultsAC.innerHTML = \"$\" + Math.round(watts5000.watts \/ watts5000.kwh * this.value * watts5000.kwhPrice * 100) \/ 100;\n\n            \/\/ This is for the Month\n            sliderMonthRangeResultsAC.innerHTML = \"$\" + Math.round(watts5000.watts \/ watts5000.kwh * this.value * 30 * watts5000.kwhPrice * 100) \/ 100;\n\n            \/\/ This is for the Year\n            sliderYearRangeResultsAC.innerHTML = \"$\" + Math.round(watts5000.watts \/ watts5000.kwh * this.value * 365 * watts5000.kwhPrice * 100) \/ 100;\n        }\n    } else if (acKwhSelection === \"8000\") {\n        document.getElementById(\"slider-and-results-kwh-wrapper\").style.display = \"flex\";\n\n        sliderHoursRangeResultsAC.innerHTML = sliderHoursRangeAC.value = 0;\n        sliderDayRangeResultsAC.innerHTML = \"$\" + 0;\n        sliderMonthRangeResultsAC.innerHTML = \"$\" + 0;\n        sliderYearRangeResultsAC.innerHTML = \"$\" + 0;\n\n        sliderHoursRangeAC.oninput = function() {\n            sliderHoursRangeResultsAC.innerHTML = this.value;\n\n            var watts8000 = new fan(8000, 8000, 1000, .35);\n            \/\/ This is for the day\n            sliderDayRangeResultsAC.innerHTML = \"$\" + Math.round(watts8000.watts \/ watts8000.kwh * this.value * watts8000.kwhPrice * 100) \/ 100;\n\n            \/\/ This is for the Month\n            sliderMonthRangeResultsAC.innerHTML = \"$\" + Math.round(watts8000.watts \/ watts8000.kwh * this.value * 30 * watts8000.kwhPrice * 100) \/ 100;\n\n            \/\/ This is for the Year\n            sliderYearRangeResultsAC.innerHTML = \"$\" + Math.round(watts8000.watts \/ watts8000.kwh * this.value * 365 * watts8000.kwhPrice * 100) \/ 100;\n        }\n    } else {\n        alert(\"Please Select KWH\");\n    }\n}\n\n\n\n\/\/ function subtract() {\n\/\/     var sliderDayRangeResult = parseFloat(document.getElementById(\"slider-day-results\").textContent);\n\/\/     var sliderDayRangeResultAC = parseFloat(document.getElementById(\"slider-day-results-ac\").textContent);\n\n\/\/     var hmysDayResult = document.getElementById(\"hmys-day-result\");\n\n\/\/     hmysDayResult.innerHTML = Math.round(sliderDayRangeResult - sliderDayRangeResultAC * 100) \/ 100;\n\/\/ }\n\n\n\n\n\n\/\/ This is the modal Content\n\nvar modalBox = document.getElementById(\"modal-box\");\nvar modalExitBtn = document.getElementById(\"modal-exit-btn\");\nvar heroBtn = document.getElementById(\"hero-cta-btn\");\nvar requestBtn = document.getElementById(\"request-btn\");\nvar lastFormBtn = document.getElementById(\"last-form-btn\");\n\n\nheroBtn.addEventListener(\"click\", function() {\n    modalBox.style.display = \"flex\";\n});\nrequestBtn.addEventListener(\"click\", function() {\n    modalBox.style.display = \"flex\";\n});\n\nlastFormBtn.addEventListener(\"click\", function() {\n    modalBox.style.display = \"flex\";\n});\n\nmodalExitBtn.addEventListener(\"click\", function() {\n    modalBox.style.display = \"none\";\n});\n\n\/\/ This is the Video Modal\n\nvar videoModal = document.getElementById(\"video-modal-box\");\nvar videoBtn = document.getElementById(\"video-icon\");\nvar videoModalExitBtn = document.getElementById(\"video-modal-exit-btn\");\n\/\/ var videoModal = document.getElementById(\"video-modal\");\n\nvideoBtn.addEventListener(\"click\", function() {\n    videoModal.style.display = \"flex\";\n});\n\nvideoModalExitBtn.addEventListener(\"click\", function() {\n    videoModal.style.display = \"none\";\n    document.getElementById(\"video-modal\").pause();\n    \n});\n\n\/\/ This is the Footer Slide Up Section\n\nvar footerFormBtn = document.getElementById(\"footer-form-btn\");\nvar slideUpFooter = document.getElementById(\"slide-up-footer\");\nvar slideUpExitBtn = document.getElementById(\"slide-up-exit-btn\");\n\nfooterFormBtn.addEventListener(\"click\", function() {\n    slideUpFooter.style.top = \"0\";\n});\n\nslideUpExitBtn.addEventListener(\"click\", function() {\n    slideUpFooter.style.top = \"90%\";\n});\n<\/script>"},"elements":[],"isInner":false,"widgetType":"html","elType":"widget"}],"isInner":false,"elType":"column"}],"isInner":false,"elType":"section"}],"page_settings":[],"version":"0.4","title":"This is the main one please give me the right one","type":"page"}