{"content":[{"id":"665258bc","settings":{"layout":"full_width","gap":"no"},"elements":[{"id":"4e5d55d9","settings":{"_column_size":100,"_inline_size":null},"elements":[{"id":"707b6bc1","settings":{"html":"<style>\n    body {\n    padding: 0;\n    margin: 0;\n    font-family: 'Oxygen', sans-serif;\n}\n\n#popup-box {\n    position: fixed;\n    display: none;\n    justify-content: center;\n    align-items: center;\n    width: 100%;\n    height: 100vh;\n    top: 0;\n    background-color: #000000d6;\n    z-index: 99;\n}\n\n.popup-box-wrapper {\n    display: flex;\n    flex-wrap: wrap;\n    justify-content: center;\n    align-items: center;\n    width: 50%;\n    height: 60vh;\n    background-color: #fff;\n}\n\n.popup-exit-btn-box {\n    width: 100%;\n    height: 10%;\n    background-color: #438d06;\n    display: flex;\n    justify-content: flex-end;\n    align-items: center;\n}\n\n#popup-exit-btn {\n    color: #fff;\n    text-align: right;\n    padding-right: 20px;\n    font-size: 2em;\n    margin: 0;\n    transition: .5s;\n    -webkit-transition: .5s;\n    -moz-transition: .5s;\n    -ms-transition: .5s;\n    -o-transition: .5s;\n    cursor: pointer;\n}\n\n#popup-exit-btn:hover {\n    color: #242424;\n}\n\n#popup-content-box {\n    display: flex;\n    flex-wrap: wrap;\n    justify-content: flex-start;\n    align-items: center;\n    width: 100%;\n    height: 90%;\n}\n\n.popup-left-side-section,\n#popup-right-side-section {\n    display: flex;\n    flex-wrap: wrap;\n    justify-content: center;\n    align-items: center;\n    width: 50%;\n    height: 100%;\n}\n\n.popup-left-side-section {\n    background-image: url(\"https:\/\/quietcool.earthchoiceenergy.com\/wp-content\/uploads\/2021\/06\/SCOTT-MONEY-update.webp\");\n    background-position: center;\n    background-repeat: no-repeat;\n    background-size: cover;\n}\n\n.popup-right-side-text-box {\n    display: flex;\n    flex-wrap: wrap;\n    justify-content: center;\n    align-items: center;\n    width: 90%;\n    \/* border: 1px solid red; *\/\n}\n\n.top-title,\n.price-title,\n.bottom-text,\n.bottom-text-2 {\n    width: 100%;\n    text-align: center;\n    margin: 0;\n    padding: 1% 5%;\n}\n\n.top-title{\n    font-size: 2em;\n}\n\n.price-title {\n    font-size: 6em;\n}\n\n.bottom-text{\n    font-size: 2em;\n}\n\n.bottom-text-2 {\n    font-size: 1em;\n}\n\n.popup-form-btn-box {\n    width: 70%;\n    text-align: center;\n    padding: 2% 0;\n}\n\n.popup-form-btn-box-wrapper {\n    width: 100%;\n    height: 50px;\n    margin: 0;\n    padding: 0;\n}\n\n#popup-form-btn {\n    display: flex;\n    align-items: center;\n    justify-content: center;\n    width: 100%;\n    height: 100%;\n    background-color: #438d06;\n    color: white;\n    text-decoration: none;\n    border-radius: 5px;\n    -webkit-border-radius: 5px;\n    -moz-border-radius: 5px;\n    -ms-border-radius: 5px;\n    -o-border-radius: 5px;\n    transition: .5s;\n    -webkit-transition: .5s;\n    -moz-transition: .5s;\n    -ms-transition: .5s;\n    -o-transition: .5s;\n    appearance: none;\n}\n\n#popup-form-btn:hover {\n    background-color: #3d8003;\n}\n\n#form-box-section {\n    display: none;\n    flex-wrap: wrap;\n    justify-content: center;\n    align-items: flex-start;\n    width: 50%;\n    height: auto;\n    \n}\n\n.form-text {\n    width: 80%;\n    text-align: center;\n    margin: 0;\n}\n\n.form-text-2 {\n    text-align: center;\n    padding: 0 10px;\n    margin: 0;\n    width: 80%\n}\n\n.form-box {\n    display: flex;\n    flex-wrap: wrap;\n    justify-content: center;\n    align-items: center;\n    width: 100%;\n    height: 50%;\n}\n\n.form-box>form {\n    display: flex;\n    flex-wrap: wrap;\n    justify-content: center;\n    width: 80%;\n    margin: 0;\n    padding: 0;\n}\n\n.form-box>form>input {\n    width: 80%;\n    padding: 10px;\n    margin-bottom: 10px;\n    appearance: none;\n}\n\n.form-box-btn {\n    display: flex;\n    justify-content: center;\n    width: 70%;\n    color: #fff;\n    font-size: 1em;\n    text-align: center;\n    background-color: #ea252c;\n    border: none;\n    padding: 15px;\n    border-radius: 3px;\n    transition: .3s;\n    -webkit-transition: .3s;\n    -moz-transition: .3s;\n    -ms-transition: .3s;\n    -o-transition: .3s;\n    -webkit-border-radius: 3px;\n    -moz-border-radius: 3px;\n    -ms-border-radius: 3px;\n    -o-border-radius: 3px;\n}\n\n.form-box-btn:hover {\n    background-color: #bd0303;\n}\n\n.disclosure-text {\n    width: 80%;\n    font-size: .8em;\n    margin: 0;\n    padding: 10px 0;\n    text-align: center;\n}\n\n@media only screen and (max-width:1200px) {\n    .popup-box-wrapper {\n        width: 70%;\n    }\n}\n\n@media only screen and (max-width:768px) {\n    .popup-box-wrapper {\n        width: 90%;\n        height: 70%;\n    }\n    \n    .bottom-text{\n        font-size: 1.5em;\n    }\n}\n\n@media only screen and (max-width:655px) {\n    .popup-box-wrapper {\n        width: 90%;\n    }\n}\n\n@media only screen and (max-width:590px) {\n    .popup-left-side-section {\n        display: none;\n    }\n    #popup-right-side-section {\n        width: 100%;\n        background: rgba(0, 0, 0, 0.509) url(\"https:\/\/quietcool.earthchoiceenergy.com\/wp-content\/uploads\/2021\/06\/SCOTT-MONEY-update.webp\");\n        background-position: center;\n        background-size: cover;\n        background-blend-mode: multiply;\n    }\n    .popup-right-side-text-box {\n        width: 100%;\n    }\n    .top-title {\n        color: #fff;\n    }\n    .price-title {\n        color: #fff;\n    }\n    .bottom-text-2,\n    .bottom-text {\n        color: #fff;\n    }\n    #form-box-section {\n        width: 100%;\n    }\n    .popup-box-wrapper {\n        height: 80%;\n    }\n}\n\n@media only screen and (max-height:768px) {\n    .popup-box-wrapper {\n        height: 80%;\n    }\n    \n    #form-box-section{\n        height: 85%;\n        overflow: auto;\n    }\n    \n    .submit-request-btn > input{\n        font-size: .8em !important;\n    }\n}\n\n@media only screen and (max-height:414px) {\n    .popup-box-wrapper {\n        height: 95%;\n    }\n    .top-title {\n        font-size: 1em;\n    }\n    .price-title {\n        font-size: 3em;\n    }\n    .bottom-text {\n        font-size: 1.2em;\n    }\n    .bottom-text-2 {\n        font-size: .8em;\n    }\n    .popup-right-side-text-box {\n        width: 84%;\n    }\n    .form-text {\n        font-size: 1.2em;\n    }\n    .form-text-2 {\n        font-size: .7em;\n    }\n    .form-box>form>input {\n        width: 80%;\n        padding: 5px;\n        margin-bottom: 5px;\n        appearance: none;\n    }\n    .form-box-btn {\n        padding: 10px;\n        font-size: .7em;\n    }\n}\n<\/style>\n\n<div id=\"popup-box\">\n        <div class=\"popup-box-wrapper\">\n            <!-- This is the Exit Btn Box -->\n            <div class=\"popup-exit-btn-box\">\n                <p id=\"popup-exit-btn\"><i class=\"fas fa-times\"><\/i><\/p>\n            <\/div>\n            <!-- This is the main popup Content -->\n            <div id=\"popup-content-box\">\n                <!-- This is the left Image Section -->\n                <div class=\"popup-left-side-section\">\n\n                <\/div>\n                <!-- This is the Content Section -->\n                <div id=\"popup-right-side-section\">\n                    <div class=\"popup-right-side-text-box\">\n                        <h3 class=\"top-title\">Receive up to<\/h3>\n                        <h1 class=\"price-title\">$150<\/h1>\n                        <h2 class=\"bottom-text\">Instant Manufacturer Rebate Today!<\/h2>\n                        <h3 class=\"bottom-text-2\">*Rebate Applied before Install.<\/h3>\n                        <!-- This is the Form Btn -->\n                        <div class=\"popup-form-btn-box\">\n                            <p class=\"popup-form-btn-box-wrapper\"><a id=\"popup-form-btn\" href=\"javascript:void(0);\">Request Consultation<\/a><\/p>\n                        <\/div>\n                    <\/div>\n                <\/div>\n\n                <!-- This is the for the Form Section -->\n                <div id=\"form-box-section\">\n                    <h2 class=\"form-text\">Request a Free Consultation<\/h2>\n                    <p class=\"form-text-2\">Receive your special whole house fan deal today!<\/p>\n                    <div class=\"form-box\">\n                        <!--<form action=\"\" method=\"post\">-->\n                        <!--    <input type=\"text\" name=\"\" id=\"\" placeholder=\"*Name\" required>-->\n                        <!--    <input type=\"email\" name=\"\" id=\"\" placeholder=\"*Email\" required>-->\n                        <!--    <input type=\"tel\" name=\"\" id=\"\" placeholder=\"*Phone Number\" required>-->\n                        <!--    <button class=\"form-box-btn\" type=\"submit\">Submit Request<\/button>-->\n                        <!--<\/form>-->\n                        [contact-form-7 id=\"1112\" title=\"Request Consultation\"]\n                        <p class=\"disclosure-text\">* We won\u2019t sell or use your information outside your free consultation.<\/p>\n                    <\/div>\n\n                <\/div>\n            <\/div>\n        <\/div>\n    <\/div>\n    \n<script>\n\n    var closePopup = document.getElementById(\"popup-exit-btn\");\n    var popup = document.getElementById(\"popup-box\");\n    var requestConsultationBtn = document.getElementById(\"popup-form-btn\");\n    var popuptextSection = document.getElementById(\"popup-right-side-section\");\n    var formBoxSection = document.getElementById(\"form-box-section\");\n    \n    closePopup.addEventListener(\"click\", function() {\n        popup.style.display = \"none\";\n    });\n    \n    requestConsultationBtn.addEventListener(\"click\", function() {\n        popuptextSection.style.display = \"none\";\n        formBoxSection.style.display = \"flex\";\n    });\n    \n    \n    \/\/ This is the Rebate Modal\n    setTimeout(function() {\n        popup.style.display = \"flex\";\n    }, 5000);\n\n\n<\/script>"},"elements":[],"isInner":false,"widgetType":"html","elType":"widget"}],"isInner":false,"elType":"column"}],"isInner":false,"elType":"section"}],"page_settings":[],"version":"0.4","title":"Form Popup 6\/18\/21","type":"page"}