{"content":[{"id":"2f67f28a","settings":{"layout":"full_width","gap":"no"},"elements":[{"id":"1da34223","settings":{"_column_size":100,"_inline_size":null},"elements":[{"id":"e638955","settings":{"html":"<!-- This is the Modal -->\n    <div id=\"modal-box\">\n        <div class=\"wrapper\">\n            <div class=\"modal-item\">\n                <div class=\"modal-exit-btn-box\">\n                    <a href=\"javascript:void(0)\" id=\"modal-exit-btn\"><i class=\"fas fa-times\"><\/i><\/a>\n                <\/div>\n                <div class=\"modal-content\">\n                    \n                    <h2>Special whole house fan deals available today!<\/h2>\n                    <p>Request for a free consultation and we will get back to you as soon as possible.<\/p>\n                    [contact-form-7 id=\"248\" title=\"Consultation Click On\"]\n                    <h3>Your information is protected through online <a href=\"\/privacy-policy\">privacy policy<\/a> laws.<\/h3>\n                <\/div>\n            <\/div>\n        <\/div>\n    <\/div>"},"elements":[],"isInner":false,"widgetType":"html","elType":"widget"}],"isInner":false,"elType":"column"}],"isInner":false,"elType":"section"}],"page_settings":[],"version":"0.4","title":"Form Modal V3","type":"page"}