{"content":[{"id":"607249cb","settings":{"layout":"full_width","gap":"no"},"elements":[{"id":"38908b66","settings":{"_column_size":100,"_inline_size":null},"elements":[{"id":"30fe3681","settings":{"html":"<style>\n#bg{\n    display: none;\n    \/*background-color: #000000b0;*\/\n    position: fixed;\n    width: 100%;\n    height: 100vh;\n      animation: mymove 3s forwards;\n      animation-iteration-count: 1;\n\n}\n\n#side-slider-box {\n    display: flex;\n    flex-wrap: wrap;\n    justify-content: center;\n    align-items: center;\n    position: fixed;\n    width: 100%;\n    height: 100%;\n    left: -100%;\n    transition-delay: 2s;\n    transition: 1s;\n    -webkit-transition: 1s;\n    -moz-transition: 1s;\n    -ms-transition: 1s;\n    -o-transition: 1s;\n}\n\n.side-slider-main-box {\n    width: 50%;\n    height: 50vh;\n    background-color: #fff;\n    box-shadow: #0003 0px 4px 5px;\n    overflow: hidden;\n}\n\n#side-slider-btn-box {\n    position: fixed;\n    left: 0;\n    bottom: 20%;\n    width: 150px;\n    background-color: #df3030;\n    cursor: pointer;\n    transition: 1s;\n    -webkit-transition: 1s;\n    -moz-transition: 1s;\n    -ms-transition: 1s;\n    -o-transition: 1s;\n    border: 3px solid #fff;\n    border-left: none;\n}\n\n#side-slider-btn-box>p {\n    color: #fff;\n    text-align: center;\n}\n\n#side-slider-content {\n    display: flex;\n    flex-wrap: wrap;\n    justify-content: center;\n    align-items: center;\n    width: 100%;\n    height: 88.5%;\n}\n\n.side-slider-exit-btn-box {\n    width: 100%;\n    max-height: 70px;\n    background-color: #df3030;\n}\n\n#side-slider-exit-btn {\n    width: 95%;\n    text-align: right;\n    font-size: 2em !important;\n    padding: 10px 20px;\n    margin: 0 auto;\n    cursor: pointer;\n    color: #fff;\n    transition: .5s;\n    -webkit-transition: .5s;\n    -moz-transition: .5s;\n    -ms-transition: .5s;\n    -o-transition: .5s;\n}\n\n#side-slider-exit-btn:hover {\n    color: #242424;\n}\n\n.side-slider-item-image{\n    width: 50%;\n    height: 100%;\n    background-image: url(\"\/wp-content\/uploads\/2021\/06\/SCOTT-MONEY-update.webp\");\n    background-position: center;\n    background-repeat: no-repeat;\n    background-size: cover;\n}\n\n#side-slider-item-text {\n    display: flex;\n    flex-wrap: wrap;\n    justify-content: center;\n    align-items: center;\n    width: 50%;\n    height: 70%;\n    overflow: auto;\n    background-color: #fff;\n}\n\n#side-slider-item-form {\n    display: none;\n    flex-wrap: wrap;\n    justify-content: center;\n    align-items: center;\n    width: 50%;\n    height: 100%;\n    overflow: auto;\n    text-align: center;\n}\n\n#side-slider-item-text>h1,\nh2,\np {\n    width: 100%;\n    text-align: center;\n    margin: 0;\n    padding: 5px 0;\n}\n\n#side-slider-item-text>h1 {\n    font-size: 5em;\n}\n\n\n\n.side-slider-item-image>img {\n    width: 100%;\n    height: auto;\n}\n\n.side-slider-clickon-form-btn-box {\n    display: flex;\n    flex-wrap: wrap;\n    justify-content: center;\n    align-items: center;\n    width: 100%;\n    padding: 20px;\n}\n\n#side-slider-clickon-form-btn {\n    display: inline-block;\n    width: 50%;\n    height: 100%;\n    padding: 10px 0;\n    color: #fff;\n    background-color: #df3030;\n    cursor: pointer;\n    border-radius: 5px;\n    -webkit-border-radius: 5px;\n    -moz-border-radius: 5px;\n    -ms-border-radius: 5px;\n    -o-border-radius: 5px;\n    transition: .5s;\n    -webkit-transition: .5s;\n    -moz-transition: .5s;\n    -ms-transition: .5s;\n    -o-transition: .5s;\n}\n\n#side-slider-clickon-form-btn:hover {\n    background-color: #cb2a2a;\n}\n\n\n\n@keyframes mymove {\n  0% {background-color: none;}\n  100% {background-color: #000000b0;}\n}\n\n.special-deal-icon{\n    font-size: 4em;\n    display: none;\n}\n\n@media only screen and (max-width:1120px){\n    .side-slider-main-box{\n        width: 95%;\n        \n    }\n    \n    #side-slider-clickon-form-btn{\n        width: 100%;\n    }\n}\n\n@media only screen and (max-width:475px){\n    .side-slider-item-image{\n        display: none;\n    }\n    \n    #side-slider-item-text{\n        width: 100%;\n    }\n    \n    \n    .special-deal-icon{\n        display: block;\n    }\n    \n    .special-deal-text{\n        display: none;\n    }\n    \n    \n    #side-slider-btn-box{\n        width: 50px;\n        bottom: 20.5%;\n    }\n    \n    #side-slider-item-form{\n        width: 90%;\n        height: 100%;\n    }\n    \n    #side-slider-content{\n        height: 80%;\n        align-items: flex-start;\n        \n    }\n    \n    .side-slider-main-box{\n        height: 60vh;\n    }\n    \n    \n}\n\n\n@media only screen and (max-width:320px){\n    \n    \n    .side-slider-main-box{\n        width: 95%;\n        height: 85vh;\n    }\n}\n\n\n@media only screen and (max-height:700px){\n    .side-slider-main-box{\n        height: 87vh;\n    }\n}\n\n\n\n<\/style>\n<div id=\"bg\">\n\n<\/div>\n\n    <div id=\"side-slider-box\">\n        <div class=\"side-slider-main-box\">\n            <div id=\"side-slider-btn-box\">\n                <p id=\"side-slider-btn-icon\" class=\"special-deal-icon\"><i class=\"fas fa-tags\"><\/i><\/p>\n                <p id=\"side-slider-btn\" class=\"special-deal-text\">Special Deals <br>Click Now!<\/p>\n            <\/div>\n\n            <div id=\"side-slider-content\">\n                <div class=\"side-slider-exit-btn-box\">\n                    <p id=\"side-slider-exit-btn\"><i class=\"fas fa-times\"><\/i><\/p>\n                <\/div>\n                <div class=\"side-slider-item-image\">\n                    <!--<img src=\"\/wp-content\/uploads\/2021\/06\/SCOTT-MONEY-update.webp\" alt=\"\" srcset=\"\">-->\n                    \n                <\/div>\n                <div id=\"side-slider-item-text\">\n                    <h2>Receive up to<\/h2>\n                    <h1>$150<\/h1>\n                    <h2>Instant Manufacturer<br> Rebate Today!<\/h2>\n                    <p>*Rebate Applied before Install.<\/p>\n                    <div class=\"side-slider-clickon-form-btn-box\">\n                        <p id=\"side-slider-clickon-form-btn\">Request A Consultation!<\/p>\n                    <\/div>\n                <\/div>\n                <div id=\"side-slider-item-form\">\n                    <h2>Request a Free Consultation<\/h2>\n                    <h3>Receive your special whole house fan deal today!<\/h3>\n                    <p>[contact-form-7 id=\"1292\" title=\"Popup\"]<\/p>\n                    <p>* We won\u2019t sell or use your information outside your free consultation.<\/p>\n                <\/div>\n            <\/div>\n        <\/div>\n    <\/div>\n\n    \n<script>\n    var sideSliderBox = document.getElementById(\"side-slider-box\");\n    var sideSliderClickonFormBtn = document.getElementById(\"side-slider-clickon-form-btn\");\n    var sideSliderExitBtn = document.getElementById(\"side-slider-exit-btn\");\n    var sideSliderBtn = document.getElementById(\"side-slider-btn\");\n    var sideSliderBtnIcon = document.getElementById(\"side-slider-btn-icon\");\n    var sideSliderBtnBox = document.getElementById(\"side-slider-btn-box\");\n    var sideSliderItemForm = document.getElementById(\"side-slider-item-form\");\n    var sideSliderItemText = document.getElementById(\"side-slider-item-text\");\n    var bg = document.getElementById(\"bg\");\n    \n    sideSliderBtn.addEventListener(\"click\", function() {\n        sideSliderBox.style.left = \"0\";\n        sideSliderBtnBox.style.left = \"-100%\";\n        bg.style.display = \"block\";\n    });\n    \n    sideSliderBtnIcon.addEventListener(\"click\", function() {\n        sideSliderBox.style.left = \"0\";\n        sideSliderBtnBox.style.left = \"-100%\";\n        bg.style.display = \"block\";\n    });\n    \n    sideSliderExitBtn.addEventListener(\"click\", function() {\n        sideSliderBox.style.left = \"-100%\";\n        sideSliderBtnBox.style.left = \"0\";\n        sideSliderItemText.style.display = \"flex\";\n        sideSliderItemForm.style.display = \"none\";\n        bg.style.display = \"none\";\n    });\n    \n    sideSliderClickonFormBtn.addEventListener(\"click\", function() {\n        sideSliderItemForm.style.display = \"flex\";\n        sideSliderItemText.style.display = \"none\";\n    });\n<\/script>    \n    "},"elements":[],"isInner":false,"widgetType":"html","elType":"widget"}],"isInner":false,"elType":"column"}],"isInner":false,"elType":"section"}],"page_settings":[],"version":"0.4","title":"Slide Specials Deals","type":"page"}