{"content":[{"id":"4b778e35","settings":{"background_background":"classic","background_color":"#FFFFFF"},"elements":[{"id":"3c7ea998","settings":{"_column_size":100,"_inline_size":null},"elements":[{"id":"178988e4","settings":{"image":{"url":"https:\/\/mailer.wholehousefanexperts.com\/wp-content\/uploads\/2021\/06\/cropped-wholehousefanexperts-horizontal.png","id":473},"link_to":"custom","link":{"url":"\/","is_external":"","nofollow":"","custom_attributes":""}},"elements":[],"isInner":false,"widgetType":"image","elType":"widget"}],"isInner":false,"elType":"column"}],"isInner":false,"elType":"section"},{"id":"a1b006c","settings":{"background_background":"classic","background_color":"#FFFFFF","padding_tablet":{"unit":"px","top":"20","right":"20","bottom":"20","left":"20","isLinked":true}},"elements":[{"id":"42837b18","settings":{"_column_size":100,"_inline_size":null},"elements":[{"id":"62654cbd","settings":{"editor":"<h3>1. TERMS<\/h3><p>By accessing the website at <a href=\"https:\/\/mailer.wholehousefanexperts.com\/\">https:\/\/mailer.wholehousefanexperts.com\/<\/a>, you are agreeing to be bound by these terms of service, all applicable laws and regulations, and agree that you are responsible for compliance with any applicable local laws. If you do not agree with any of these terms, you are prohibited from using or accessing this site. The materials contained in this website are protected by applicable copyright and trademark law.<\/p><h3>2. USE LICENSE<\/h3><ul><li>Permission is granted to temporarily download one copy of the materials (information or software) on\u00a0 website for personal, non-commercial transitory viewing only. This is the grant of a license, not a transfer of title, and under this license you may not:<\/li><li>modify or copy the materials;<\/li><li>use the materials for any commercial purpose, or for any public display (commercial or non-commercial);<\/li><li>attempt to decompile or reverse engineer any software contained on <a href=\"https:\/\/mailer.wholehousefanexperts.com\/\">QC Guys<\/a>\u2019s website;<\/li><li>remove any copyright or other proprietary notations from the materials; or<\/li><li>transfer the materials to another person or \u201cmirror\u201d the materials on any other server.<\/li><li>This license shall automatically terminate if you violate any of these restrictions and may be terminated by <a href=\"https:\/\/mailer.wholehousefanexperts.com\/\">QC Guys<\/a>, at any time. Upon terminating your viewing of these materials or upon the termination of this license, you must destroy any downloaded materials in your possession, whether in electronic or printed format.<\/li><\/ul><h3>3. DISCLAIMER<\/h3><ul><li>The materials on <a href=\"https:\/\/mailer.wholehousefanexperts.com\/\">QC Guys<\/a>\u2019s website are provided on an \u2018as is\u2019 basis. <a href=\"https:\/\/mailer.wholehousefanexperts.com\/\">QC Guys<\/a> makes no warranties, expressed or implied, and hereby disclaims and negates all other warranties including, without limitation, implied warranties or conditions of merchantability, fitness for a particular purpose, or non-infringement of intellectual property or other violation of rights.<\/li><li>Further, <a href=\"https:\/\/mailer.wholehousefanexperts.com\/\">QC Guys<\/a> does not warrant or make any representations concerning the accuracy, likely results, or reliability of the use of the materials on its website or otherwise relating to such materials or on any sites linked to this site.<\/li><\/ul><h3>4. LIMITATIONS<\/h3><p>In no event shall <a href=\"https:\/\/mailer.wholehousefanexperts.com\/\">QC Guys<\/a> or its suppliers be liable for any damages (including, without limitation, damages for loss of data or profit, or due to business interruption) arising out of the use or inability to use the materials on <a href=\"https:\/\/mailer.wholehousefanexperts.com\/\">QC Guys<\/a>\u2019s website, even if <a href=\"https:\/\/mailer.wholehousefanexperts.com\/\">QC Guys<\/a>\u00a0or a <a href=\"https:\/\/mailer.wholehousefanexperts.com\/\">QC Guys<\/a> authorized representative has been notified orally or in writing of the possibility of such damage. Because some jurisdictions do not allow limitations on implied warranties, or limitations of liability for consequential or incidental damages, these limitations may not apply to you.<\/p><p>\u00a0<\/p><h3>5. ACCURACY OF MATERIALS<\/h3><p>The materials appearing on <a href=\"https:\/\/mailer.wholehousefanexperts.com\/\">QC Guys<\/a>\u2019s website could include technical, typographical, or photographic errors. <a href=\"https:\/\/mailer.wholehousefanexperts.com\/\">QC Guys<\/a> does not warrant that any of the materials on its website are accurate, complete or current. <a href=\"https:\/\/mailer.wholehousefanexperts.com\/\">QC Guys<\/a> may make changes to the materials contained on its website at any time without notice. However, <a href=\"https:\/\/mailer.wholehousefanexperts.com\/\">QC Guys<\/a> does not make any commitment to update the materials.<\/p><p>\u00a0<\/p><h3>6. LINKS<\/h3><p><a href=\"https:\/\/mailer.wholehousefanexperts.com\/\">QC Guys<\/a> has not reviewed all the sites linked to its website and is not responsible for the contents of any such linked site. The inclusion of any link does not imply endorsement by <a href=\"https:\/\/mailer.wholehousefanexperts.com\/\">QC Guys<\/a> of the site. Use of any such linked website is at the user\u2019s own risk.<\/p><h3>7. MODIFICATIONS<\/h3><p><a href=\"https:\/\/mailer.wholehousefanexperts.com\/\">QC Guys<\/a> \u00a0may revise these terms of service for its website at any time without notice. By using this website, you are agreeing to be bound by the then current version of these terms of service.<\/p><p>\u00a0<\/p><h3>8. GOVERNING LAW<\/h3><p>These terms and conditions are governed by and construed in accordance with the laws of CA, and you irrevocably submit to the exclusive jurisdiction of the courts in that State or location.<\/p>"},"elements":[],"isInner":false,"widgetType":"text-editor","elType":"widget"}],"isInner":false,"elType":"column"}],"isInner":false,"elType":"section"}],"page_settings":[],"version":"0.4","title":"Terms of Service V3","type":"page"}