{"content":[{"id":"7b989a29","settings":{"layout":"full_width","gap":"no"},"elements":[{"id":"43136119","settings":{"_column_size":100,"_inline_size":null},"elements":[{"id":"1addfade","settings":{"html":"<!-- This is the Video Modal -->\n    <div id=\"video-modal-box\">\n        <div class=\"wrapper\">\n            <div class=\"video-modal-item\">\n                <div class=\"video-modal-exit-btn-box\">\n                    <a href=\"javascript:void(0)\" id=\"video-modal-exit-btn\"><i class=\"fas fa-times\"><\/i><\/a>\n                <\/div>\n                <div class=\"video-modal-content\">\n\n                    <p>\n                        <video  id=\"video-modal\" controls controlsList=\"nodownload  noremoteplaybac\" disablepictureinpicture >\n                            <source src=\"https:\/\/mailer.wholehousefanexperts.com\/wp-content\/uploads\/2021\/06\/6-Reasons-Why-You-Need-A-Whole-House-Fan.mp4\" type=\"video\/mp4\">\n                        <\/video>\n                    <\/p>\n\n                <\/div>\n            <\/div>\n        <\/div>\n    <\/div>"},"elements":[],"isInner":false,"widgetType":"html","elType":"widget"}],"isInner":false,"elType":"column"}],"isInner":false,"elType":"section"}],"page_settings":[],"version":"0.4","title":"Video Modal V3","type":"page"}